panel,state,clean_ce_nats,clean_ppl,clean_accuracy_fraction,native_layers,isolated_layer_mean_delta_ce_nats,peak_delta_ce_layer,peak_delta_ce_nats,peak_self_kl_nats,positive_delta_ce_layers,all_q_ge1_head_sink_mass_mean,all_q_ge1_relative_projected_delta_mean,all_q_ge1_cancellation_ratio_mean,second_half_queries_head_sink_mass_mean,second_half_queries_relative_projected_delta_mean,second_half_queries_cancellation_ratio_mean,clean_sink_later_half,clean_teacher_kl_nats
confirmation,C1/step10000,4.1674944067001345,64.55350447638014,0.2883989501312336,24,0.0009403368786352987,14,0.0056714260672015016,0.004851312592750589,21,0.0576629742645956,0.1260292188851753,0.6648237157526837,0.019193918941537554,0.05707791494167475,0.7458878250160773,0.019193918911334318,1.178442055002598
confirmation,C1/step2000,5.150386614311398,172.49816768712878,0.19934383202099737,24,0.00026302031227517136,0,0.002537117204640893,0.0022871125526848085,23,0.024843022792516017,0.04617391547887503,0.8076159781203412,0.006141394383353011,0.016123745016482862,0.8653230714737382,,
confirmation,C1/step500,6.1790466791188,482.53172944216016,0.13141732283464566,24,0.00019210467918421661,0,0.0038864341996154295,0.006391864420957325,21,0.021407410156906632,0.03355993811394698,0.7223774401641,0.0038828236014868387,0.00962104388307819,0.7805625539544483,0.003882823607206196,3.148654122039715
confirmation,C2/step10000,4.155199371623242,63.76467614759372,0.28971128608923885,24,0.007653379728162009,13,0.10100063098697198,0.10047037018915232,24,0.37708812897533384,0.6896539598159769,0.48656685890697554,0.33482931677753286,0.5614771502831275,0.521861160271728,0.3348293168894147,1.1700095038026024
confirmation,C2/step2000,5.128438107748357,168.75333756978247,0.19955380577427823,24,0.0006414002195744469,11,0.00235358601167146,0.0009816093035311172,19,0.35397613456414545,0.3777016940967366,0.520522153276804,0.31574384604283195,0.3118157998776529,0.5540971841552998,0.3157438468294485,2.1217622172863777
confirmation,C2/step500,6.166881769836105,476.6973341224468,0.13406824146981627,24,4.79560720223852e-05,0,0.007427943572597684,0.011828687577013396,10,0.3637751836888492,0.41058839807141373,0.49134235868677156,0.3330031676851003,0.3722138698601593,0.5204572498618479,0.33300316797674995,3.1376791990585526
confirmation,C3/step10000,4.165429835607373,64.42036666063578,0.28986876640419945,24,0.009006582467262159,12,0.1413189152469787,0.13444256882848135,23,0.441211186179943,0.7371036270115021,0.4567771847297626,0.39759381841101765,0.5867036701884681,0.4874539841961166,0.39759381868359805,1.1735381411191985
confirmation,C3/step2000,5.145112273248787,171.59074864043944,0.19918635170603674,24,0.00046408413172016605,0,0.0041899565448915155,0.0038536773480141438,18,0.43027974056144663,0.4335786584874038,0.49372614983255175,0.3903552361031244,0.345474170411373,0.5226740843322616,0.3903552366088199,2.1390036188210715
confirmation,C3/step500,6.1845879850612855,485.21300741177316,0.13173228346456692,24,-5.2404274360965765e-05,0,0.008555179806205793,0.012666225848820921,8,0.42593839520045246,0.5144230092571813,0.465014056861321,0.3832252041919775,0.4419849330682903,0.4932665593783467,0.3832252045959813,3.15374059737198
confirmation,C5/step10000,4.148491827121244,63.33840296605482,0.29249343832020996,24,0.0013506053574543486,13,0.010471004426009678,0.009493563686260096,24,0.06982545747369942,0.16140294924471035,0.6220903126336985,0.025561310940425352,0.07721881263244289,0.6945447055847853,0.025561310978774815,1.1636336684352144
confirmation,C5/step2000,5.100035952870927,164.02780446437347,0.20270341207349082,24,0.0003288106947537302,9,0.0007345810837628974,0.00047556568387043153,24,0.03204797254519589,0.059220608242572276,0.7135644417478502,0.007643455766926006,0.019828777865542237,0.7697017649364476,,
confirmation,C5/step500,6.12604576361148,457.62302863403664,0.13818897637795274,24,-1.0140277996173452e-06,0,0.001605080832334238,0.0059712360225272,13,0.026834664422333135,0.04357814979381644,0.6437926936345352,0.006498107002622014,0.019266532785598485,0.6989926473096193,0.0064981070041832505,3.0972060784267317
confirmation,C6/step10000,4.173779830131631,64.96052840486149,0.2868766404199475,24,0.0038351633620702006,15,0.035385400441688475,0.02922107231695684,22,0.40258627114131945,0.5999201179881841,0.4652864300753301,0.3601627887767083,0.4765640452967908,0.497684096001861,0.36016278937388174,1.185989727698599
confirmation,C6/step2000,5.169223158728732,175.77823264508757,0.19548556430446193,24,0.0002458098783686413,0,0.00443239116918992,0.003848606077915215,11,0.38114122266732414,0.3473183439911791,0.5083760698780814,0.341559140356164,0.27575000059188315,0.5386770576434005,0.3415591408741554,2.16275152285268
confirmation,C6/step500,6.186012075128831,485.90448668379184,0.13165354330708662,24,-5.9252803198813396e-05,0,0.008725299284527033,0.011539632321122711,4,0.3749396500728714,0.39651439088144386,0.46712970012831123,0.33483334008552545,0.3360832686159805,0.49387535440945735,0.33483334097739176,3.1556292920350404
confirmation,teacher,3.159941874755732,23.569225922238587,0.40288713910761154,36,0.007340726359332127,17,0.02221492691476401,0.018466209014993788,36,0.4571399895325993,1.1228931131038136,0.23900454391887335,0.4045998544972476,0.8392414083568833,0.2477699400855761,0.4045998469945011,0.0
discovery,C1/step10000,3.994480248699038,54.29761203403141,0.3084251968503937,24,0.000839493400885738,16,0.003957881827366894,0.0025366611815784298,24,0.05496055333419159,0.11826632287687266,0.6656748973611054,0.017176640591257713,0.051120424815412596,0.7471497792736418,0.017176640598128595,1.1389949555034087
discovery,C1/step2000,4.944371989543043,140.3826613830665,0.2183727034120735,24,0.00024533898811681293,0,0.002146663265278903,0.001957289552228758,23,0.024570424296123546,0.047456143024268545,0.8100698525512326,0.006094224199672462,0.016762853601721184,0.8672782359277864,,
discovery,C1/step500,6.01503073514603,409.53842594652554,0.14779527559055117,24,0.00024467721072995996,0,0.00437371001155995,0.006413649294123278,19,0.02142567262247515,0.03523282121519014,0.7286150711232834,0.0038816664359618853,0.010165896256621888,0.7863601205854008,0.00388166644208108,3.111229684158886
discovery,C2/step10000,3.9932546752519182,54.23110708415519,0.3085826771653543,24,0.007096950783608502,13,0.08734306513168066,0.08696460396706511,23,0.37450771359830265,0.6770640836487981,0.4862046559494728,0.3319665778516436,0.5499224172963136,0.5214204058222262,0.3319665776094987,1.1330030809049532
discovery,C2/step2000,4.9296028182763125,138.32456144019537,0.2199475065616798,24,0.0005881374443403864,11,0.0015695535855035914,0.0010174604294836285,21,0.3544780103338417,0.3846834299299324,0.522279545226773,0.3161918133073292,0.3179524872188051,0.5554292498329946,0.3161918137865979,2.0450483240543074
discovery,C2/step500,5.997756799312401,402.52483600386097,0.1536745406824147,24,7.617856573904902e-05,0,0.009006961412004522,0.011666703968583252,10,0.3629782031770123,0.4215899574401791,0.49267933496202937,0.33184260421499656,0.3828339888991421,0.5222048498917405,0.3318426046696096,3.097851889677874
discovery,C3/step10000,3.9932015204241895,54.22822451561249,0.3084776902887139,24,0.007933676240742463,12,0.11951872507731087,0.11564425079225321,24,0.4390514249213609,0.7213655372392119,0.45729358068826625,0.39536665794577047,0.5728672445353232,0.48829940859285875,0.39536665847097363,1.13656539942023
discovery,C3/step2000,4.9415148639428645,139.98214292563495,0.21971128608923884,24,0.0007607258774166015,0,0.00373406417726585,0.003195538026661075,22,0.43164290770021685,0.44246062624633953,0.493878568485393,0.39163086399689845,0.3528678752725863,0.5223919103513465,0.3916308648648516,2.0575380861352435
discovery,C3/step500,6.011239661970164,407.988775081342,0.15083989501312337,24,-6.143902856244517e-05,0,0.009451853734614879,0.012606996354791202,7,0.42480060557731325,0.52341509373251,0.4662434771460071,0.38135336043185414,0.4485371473446207,0.49461623972621566,0.38135336106105033,3.1099881838750965
discovery,C5/step10000,3.9782493602322155,53.42342713917109,0.310498687664042,24,0.0012293216536573188,13,0.006509188704603375,0.005453537454258154,23,0.06813738063799166,0.1523075621538197,0.6204335006346483,0.024235143673237567,0.06942785907384115,0.6927560886322391,0.024235143680914322,1.1237613543875886
discovery,C5/step2000,4.895346739611288,133.666345997086,0.22286089238845144,24,0.0003240915233381214,0,0.0006955028143451614,0.0004816595545267783,24,0.03129953106140925,0.058807223854340084,0.7158340298804303,0.00749693568705071,0.01992684036387915,0.7718561700984199,,
discovery,C5/step500,5.952672525040434,384.78030114880335,0.15595800524934383,24,0.00013242723226306966,0,0.0032638765069750164,0.006166534375190353,16,0.026084971564317435,0.04264347903277544,0.6455187155291813,0.00620571594153767,0.0186150710266999,0.7005539261217848,0.006205715947562506,3.050101642283242
discovery,C6/step10000,3.9990723097042773,54.547523345768184,0.3063779527559055,24,0.0034765042903021812,15,0.02921838934340215,0.024138886921493987,22,0.40010579761648035,0.589602385165036,0.46622212555864867,0.3574962433179785,0.4670463338427755,0.4991592299676981,0.3574962439298239,1.1453019798521609
discovery,C6/step2000,4.962948109984711,143.01479836629917,0.21813648293963256,24,0.0004211010770219792,0,0.003356473727488485,0.0032181358681301147,22,0.3803175808365146,0.3495193231074825,0.5095733837376463,0.3402657968166176,0.2767802184416019,0.5395892304093247,0.340265797454045,2.079310691312855
discovery,C6/step500,6.012302198635312,408.4225085018593,0.15044619422572178,24,5.327031994099377e-05,0,0.009993368934771318,0.011372957099831035,7,0.3745833328640502,0.4061189908469414,0.46825271273587316,0.3338453968821462,0.34395677502230254,0.49553227448727605,0.3338453975916168,3.110534442090613
discovery,teacher,3.049855569829563,21.112294949970053,0.41283464566929134,36,0.0065056731752849185,17,0.020129708489781795,0.017366486126153664,34,0.4556551624037739,1.093415337378429,0.23929885217865549,0.40359448419797617,0.8155444990710311,0.24835615903907865,0.40359447686082256,0.0
