panel,condition,from_step,to_step,operation,items,mean,median,q25,q75,p90
discovery,C2,500,10000,all_delete/layer11,300,0.3609618294583218,0.33650976466381644,0.25261631162147824,0.43871475580170394,0.5612828262208954
discovery,C2,500,10000,all_delete/layer19,300,0.3609618294583218,0.33650976466381644,0.25261631162147824,0.43871475580170394,0.5612828262208954
discovery,C2,500,10000,all_delete/layer3,300,0.3609618294583218,0.33650976466381644,0.25261631162147824,0.43871475580170394,0.5612828262208954
discovery,C2,500,10000,conditional_rescue/layer11,300,0.3524655732207411,0.33288981219914954,0.2446957911093404,0.424668146869329,0.5400976946973426
discovery,C2,500,10000,conditional_rescue/layer19,300,0.32140367292669497,0.2983690096637396,0.21965229605126568,0.39520027130607543,0.49577562527393737
discovery,C2,500,10000,conditional_rescue/layer3,300,0.3549218860385925,0.3318995678518701,0.24743254353680946,0.4301679340873178,0.5577443460779866
discovery,C2,500,10000,injection/non_sink/layer11/eta0,300,0.0,0.0,0.0,0.0,0.0
discovery,C2,500,10000,injection/non_sink/layer11/eta0.01,300,0.00011986216847977925,3.116337333138584e-06,-0.0007776125209538017,0.0010916417039285495,0.002128155775896208
discovery,C2,500,10000,injection/non_sink/layer11/eta0.03,300,0.0006199218970271233,0.0004149910033218505,-0.002096108564241665,0.0034683708130843994,0.006681512847660097
discovery,C2,500,10000,injection/non_sink/layer11/eta0.1,300,0.005163185765424113,0.004367182573934239,-0.004141169270192544,0.014587560037928302,0.02468899704339936
discovery,C2,500,10000,injection/non_sink/layer19/eta0,300,0.0,0.0,0.0,0.0,0.0
discovery,C2,500,10000,injection/non_sink/layer19/eta0.01,300,0.000134781890028105,7.574577031173104e-05,-0.0009275646660271593,0.0011947812057855561,0.002225462845929965
discovery,C2,500,10000,injection/non_sink/layer19/eta0.03,300,0.0006574230244153442,0.0004807119294414369,-0.002568470211479608,0.0038407843882643333,0.006811500909760247
discovery,C2,500,10000,injection/non_sink/layer19/eta0.1,300,0.005155147705178248,0.004582247396153728,-0.005661543898695097,0.01594342960147407,0.02663032651886227
discovery,C2,500,10000,injection/non_sink/layer3/eta0,300,0.0,0.0,0.0,0.0,0.0
discovery,C2,500,10000,injection/non_sink/layer3/eta0.01,300,4.260561284743582e-05,0.00012580991729976626,-0.0004964813472717766,0.0005762595830001231,0.0011750138650728963
discovery,C2,500,10000,injection/non_sink/layer3/eta0.03,300,0.00016395513779847952,0.0004098246416707679,-0.0014903676791453925,0.0018106670830193466,0.003597436739703802
discovery,C2,500,10000,injection/non_sink/layer3/eta0.1,300,0.0010007802457634232,0.0015083673432117373,-0.004602379686250461,0.006841051296924982,0.012032387200302965
discovery,C2,500,10000,injection/orthogonal/layer11/eta0,300,0.0,0.0,0.0,0.0,0.0
discovery,C2,500,10000,injection/orthogonal/layer11/eta0.01,300,-3.509786811087701e-05,3.810191717673475e-05,-0.0005633662066121739,0.0004897830993171752,0.0008873346283679879
discovery,C2,500,10000,injection/orthogonal/layer11/eta0.03,300,6.829209215059056e-05,0.0002363760640302043,-0.001450305848609744,0.0016798334797536296,0.0029517046109897886
discovery,C2,500,10000,injection/orthogonal/layer11/eta0.1,300,0.0022848993086126536,0.002668425792784203,-0.0027782560333492246,0.007645306624765471,0.011882271353654036
discovery,C2,500,10000,injection/orthogonal/layer19/eta0,300,0.0,0.0,0.0,0.0,0.0
discovery,C2,500,10000,injection/orthogonal/layer19/eta0.01,300,3.517588918290427e-05,6.0088991180179624e-05,-0.00037189543716550813,0.0004560515636534203,0.0008292821448618972
discovery,C2,500,10000,injection/orthogonal/layer19/eta0.03,300,0.00027586756728765533,0.0003578155998169907,-0.0009101882694274423,0.0015371577946219858,0.0026745022751214938
discovery,C2,500,10000,injection/orthogonal/layer19/eta0.1,300,0.0028760632942980667,0.003311082134096641,-0.0015041020911509594,0.0071781939408910546,0.011209560003806289
discovery,C2,500,10000,injection/orthogonal/layer3/eta0,300,0.0,0.0,0.0,0.0,0.0
discovery,C2,500,10000,injection/orthogonal/layer3/eta0.01,300,-4.5394797337649694e-05,-4.9831360343873045e-05,-0.0005987948320043369,0.0004980883260411541,0.0009513374388687256
discovery,C2,500,10000,injection/orthogonal/layer3/eta0.03,300,3.148902432499283e-05,4.3838981568344e-05,-0.0016238145002229947,0.001631286200575941,0.0030050563061331205
discovery,C2,500,10000,injection/orthogonal/layer3/eta0.1,300,0.0021277319540189007,0.0020946442611574187,-0.0031384670828271104,0.007258265037236251,0.012029305405504122
discovery,C2,500,10000,injection/random/layer11/eta0,300,0.0,0.0,0.0,0.0,0.0
discovery,C2,500,10000,injection/random/layer11/eta0.01,300,-3.496800820658526e-05,3.641984594149852e-05,-0.0005683223093588522,0.0004798784030704048,0.0009364300825464445
discovery,C2,500,10000,injection/random/layer11/eta0.03,300,6.88909295349922e-05,0.0002877393106775959,-0.0015041696743702325,0.0016191062026136504,0.0030175006295752337
discovery,C2,500,10000,injection/random/layer11/eta0.1,300,0.0022889390079368134,0.0024664871335968257,-0.002735397008460338,0.0075916755856491455,0.011933853870301735
discovery,C2,500,10000,injection/random/layer19/eta0,300,0.0,0.0,0.0,0.0,0.0
discovery,C2,500,10000,injection/random/layer19/eta0.01,300,3.6225206269992616e-05,7.591848298320619e-05,-0.0003793821560116265,0.0004701088732621801,0.0008324991060992867
discovery,C2,500,10000,injection/random/layer19/eta0.03,300,0.0002789444560453961,0.0003916973204124631,-0.0009244408194474347,0.0015706490343949926,0.002660423939622294
discovery,C2,500,10000,injection/random/layer19/eta0.1,300,0.0028860938455176166,0.003326295867679626,-0.0014053029338205892,0.007343585096944974,0.011018413633812134
discovery,C2,500,10000,injection/random/layer3/eta0,300,0.0,0.0,0.0,0.0,0.0
discovery,C2,500,10000,injection/random/layer3/eta0.01,300,-5.98461922072363e-05,-6.358830008919784e-05,-0.0006239057525875062,0.0004911760645588551,0.0009332011065145177
discovery,C2,500,10000,injection/random/layer3/eta0.03,300,-1.2798334356993849e-05,-6.965577133058563e-05,-0.0017130844236358882,0.0016979382732721763,0.002961532712921384
discovery,C2,500,10000,injection/random/layer3/eta0.1,300,0.00197340271917228,0.0020685120830385706,-0.0034711567435677594,0.007378236515315498,0.011927690280704055
discovery,C2,500,10000,injection/sink/layer11/eta0,300,0.0,0.0,0.0,0.0,0.0
discovery,C2,500,10000,injection/sink/layer11/eta0.01,300,0.0004772855853784116,0.0004626296636626476,-0.00043872022253321855,0.0014439154797651636,0.0023808997447096465
discovery,C2,500,10000,injection/sink/layer11/eta0.03,300,0.0017151757237792327,0.0016455612783356915,-0.001119313277597502,0.0046708377327506,0.007445616234005906
discovery,C2,500,10000,injection/sink/layer11/eta0.1,300,0.009063258158566132,0.009073122279850517,-1.0325214055579204e-05,0.018957746310496893,0.02715845183124693
discovery,C2,500,10000,injection/sink/layer19/eta0,300,0.0,0.0,0.0,0.0,0.0
discovery,C2,500,10000,injection/sink/layer19/eta0.01,300,0.0003153684320725168,0.0003314731627937378,-0.00027473329559085874,0.0009555891742856484,0.0016600901686300443
discovery,C2,500,10000,injection/sink/layer19/eta0.03,300,0.0011268837245430533,0.0011898851770115648,-0.0006758584750918891,0.0030922101238581136,0.005057913111889461
discovery,C2,500,10000,injection/sink/layer19/eta0.1,300,0.005803721720778097,0.005840076236274298,-0.0007024374533825977,0.012139523123192974,0.02061859791673075
discovery,C2,500,10000,injection/sink/layer3/eta0,300,0.0,0.0,0.0,0.0,0.0
discovery,C2,500,10000,injection/sink/layer3/eta0.01,300,3.7635592963751822e-06,3.0262263741080247e-06,-0.0007455330195389395,0.0008273762980784018,0.0014963195079893599
discovery,C2,500,10000,injection/sink/layer3/eta0.03,300,0.00017595960712182555,0.00018453222560131644,-0.002099112262876015,0.002732742489792231,0.00456074091393178
discovery,C2,500,10000,injection/sink/layer3/eta0.1,300,0.0027150683515653837,0.0026683056448388288,-0.0058981527493694634,0.01228174074428288,0.01862437330831694
discovery,C2,500,10000,single_delete/layer11,300,0.005878587958068047,0.005662707831915909,-0.0010671165045790785,0.012267315481591413,0.018279354966531592
discovery,C2,500,10000,single_delete/layer19,300,0.0023876270284177124,0.00217111842838798,-0.002005239171305979,0.006661133503350685,0.011147077064814536
discovery,C2,500,10000,single_delete/layer3,300,0.0023373246630971514,0.0015331628754382998,-0.0019088354636365035,0.00446250495009535,0.008529233557032796
discovery,C2,500,10000,single_rescue/layer11,300,0.0,0.0,0.0,0.0,0.0
discovery,C2,500,10000,single_rescue/layer19,300,0.0,0.0,0.0,0.0,0.0
discovery,C2,500,10000,single_rescue/layer3,300,0.0,0.0,0.0,0.0,0.0
confirmation,C2,500,10000,all_delete/layer11,300,0.3870591863997652,0.35601003151240307,0.27130310178741696,0.4715661777286079,0.6177638617087539
confirmation,C2,500,10000,all_delete/layer19,300,0.3870591863997652,0.35601003151240307,0.27130310178741696,0.4715661777286079,0.6177638617087539
confirmation,C2,500,10000,all_delete/layer3,300,0.3870591863997652,0.35601003151240307,0.27130310178741696,0.4715661777286079,0.6177638617087539
confirmation,C2,500,10000,conditional_rescue/layer11,300,0.376730876757404,0.3541389300128606,0.26348378339151696,0.4571449324840635,0.6053616561288909
confirmation,C2,500,10000,conditional_rescue/layer19,300,0.3442639974408888,0.32035326019046817,0.2391242079847441,0.4188057325017734,0.5622927267720382
confirmation,C2,500,10000,conditional_rescue/layer3,300,0.3805963863412852,0.3558512710210845,0.27371688151922746,0.45660298264871435,0.6072686015151617
confirmation,C2,500,10000,injection/non_sink/layer11/eta0,300,0.0,0.0,0.0,0.0,0.0
confirmation,C2,500,10000,injection/non_sink/layer11/eta0.01,300,9.066983470766563e-05,1.4628012349286398e-05,-0.000930609665517732,0.0009891705250176857,0.002197692150206079
confirmation,C2,500,10000,injection/non_sink/layer11/eta0.03,300,0.0005153294811098593,0.00021452415646530502,-0.0026023369135819083,0.0032339096069335938,0.006718757208876723
confirmation,C2,500,10000,injection/non_sink/layer11/eta0.1,300,0.004620841506897934,0.003556003720741572,-0.005627271697277159,0.013002463213102085,0.025916266253614054
confirmation,C2,500,10000,injection/non_sink/layer19/eta0,300,0.0,0.0,0.0,0.0,0.0
confirmation,C2,500,10000,injection/non_sink/layer19/eta0.01,300,-3.4102617599206964e-05,-5.72504959707185e-05,-0.0009635452210433839,0.0009284432478777067,0.0017674018078901652
confirmation,C2,500,10000,injection/non_sink/layer19/eta0.03,300,0.00012737684675401904,4.95610274667815e-05,-0.002731495954858975,0.0030093906432624874,0.005583070770023378
confirmation,C2,500,10000,injection/non_sink/layer19/eta0.1,300,0.003091976210826964,0.002631179929718258,-0.006989651777612882,0.013619392875611312,0.021957460538608826
confirmation,C2,500,10000,injection/non_sink/layer3/eta0,300,0.0,0.0,0.0,0.0,0.0
confirmation,C2,500,10000,injection/non_sink/layer3/eta0.01,300,8.891020547060829e-05,0.0001281377837413878,-0.00043878780575249137,0.0006677822803887795,0.0012241303451417942
confirmation,C2,500,10000,injection/non_sink/layer3/eta0.03,300,0.0003048916063283685,0.0004354011355422613,-0.0012428178561954047,0.00202371942715382,0.003711946742741142
confirmation,C2,500,10000,injection/non_sink/layer3/eta0.1,300,0.0014979215306559887,0.001778925497700849,-0.0037505983367679624,0.0074942130742110605,0.012878258772722383
confirmation,C2,500,10000,injection/orthogonal/layer11/eta0,300,0.0,0.0,0.0,0.0,0.0
confirmation,C2,500,10000,injection/orthogonal/layer11/eta0.01,300,0.0001092392127970698,0.00011259364330862451,-0.0004232887207992434,0.00055694580078125,0.0010453742320143337
confirmation,C2,500,10000,injection/orthogonal/layer11/eta0.03,300,0.0004972062649063551,0.0005394567654827448,-0.0010770212008258488,0.0018504116478867418,0.0032282371220626236
confirmation,C2,500,10000,injection/orthogonal/layer11/eta0.1,300,0.0036460887228097188,0.0035173010638379675,-0.0016705595602200727,0.008337088457242708,0.013186493821031467
confirmation,C2,500,10000,injection/orthogonal/layer19/eta0,300,0.0,0.0,0.0,0.0,0.0
confirmation,C2,500,10000,injection/orthogonal/layer19/eta0.01,300,7.286447239673043e-05,7.941779189222443e-05,-0.00038054608923243725,0.0005115448959230438,0.0008107222910002465
confirmation,C2,500,10000,injection/orthogonal/layer19/eta0.03,300,0.0003700812907982373,0.0003817400594395915,-0.0009046915009265808,0.0016861863023652805,0.0025727039247047242
confirmation,C2,500,10000,injection/orthogonal/layer19/eta0.1,300,0.0029704230726547444,0.0028723919485497663,-0.0011202669519139088,0.007435881246731976,0.010625929344357469
confirmation,C2,500,10000,injection/orthogonal/layer3/eta0,300,0.0,0.0,0.0,0.0,0.0
confirmation,C2,500,10000,injection/orthogonal/layer3/eta0.01,300,7.325960895207923e-05,7.088728777066929e-05,-0.0004918406328817052,0.0005727227278581754,0.001166756697527068
confirmation,C2,500,10000,injection/orthogonal/layer3/eta0.03,300,0.0003909820396443365,0.0003412201648622047,-0.0012788847675473671,0.0018796620406503753,0.0036100973294475903
confirmation,C2,500,10000,injection/orthogonal/layer3/eta0.1,300,0.0033404169808535435,0.002913212212990588,-0.002445341095210999,0.008756682628721703,0.014381552118016042
confirmation,C2,500,10000,injection/random/layer11/eta0,300,0.0,0.0,0.0,0.0,0.0
confirmation,C2,500,10000,injection/random/layer11/eta0.01,300,0.0001102134374182994,0.00014338155431071605,-0.0004308054766317052,0.000532360527459092,0.0010767523697980748
confirmation,C2,500,10000,injection/random/layer11/eta0.03,300,0.0005000502168350019,0.0005869001854123094,-0.001115584936667615,0.0017842138846089518,0.00332417826014241
confirmation,C2,500,10000,injection/random/layer11/eta0.1,300,0.0036549243526508807,0.0033824349951556342,-0.001551263914333554,0.00830438568836122,0.012983529398760475
confirmation,C2,500,10000,injection/random/layer19/eta0,300,0.0,0.0,0.0,0.0,0.0
confirmation,C2,500,10000,injection/random/layer19/eta0.01,300,7.539528874274627e-05,8.26167309378076e-05,-0.0003770542895700049,0.0005321878147876169,0.00083717586487297
confirmation,C2,500,10000,injection/random/layer19/eta0.03,300,0.00037771715579696215,0.00038980499027282256,-0.0009374017790546568,0.001752815847321758,0.0025696581742894937
confirmation,C2,500,10000,injection/random/layer19/eta0.1,300,0.0029966028218507143,0.002894093671182948,-0.0012072465551181103,0.0074364894957054326,0.01077888969361313
confirmation,C2,500,10000,injection/random/layer3/eta0,300,0.0,0.0,0.0,0.0,0.0
confirmation,C2,500,10000,injection/random/layer3/eta0.01,300,7.844201536003374e-05,6.686233160063977e-05,-0.0004994625181663693,0.0005886723676065761,0.0011336679533710632
confirmation,C2,500,10000,injection/random/layer3/eta0.03,300,0.00040825941431240774,0.0004335538608821358,-0.0012500492606576034,0.002105765455351101,0.003545941330316499
confirmation,C2,500,10000,injection/random/layer3/eta0.1,300,0.0034233854449014335,0.003111095879021592,-0.0023104900450218384,0.009329585578497938,0.014438258944533952
confirmation,C2,500,10000,injection/sink/layer11/eta0,300,0.0,0.0,0.0,0.0,0.0
confirmation,C2,500,10000,injection/sink/layer11/eta0.01,300,0.0004763649892932161,0.00042526365265132865,-0.0005032387305432417,0.0014229346448042261,0.0021927255345141803
confirmation,C2,500,10000,injection/sink/layer11/eta0.03,300,0.001697407444631021,0.0016893251674381766,-0.001295968303530235,0.00458766907218873,0.006927919763279717
confirmation,C2,500,10000,injection/sink/layer11/eta0.1,300,0.008966093739186685,0.00828080665408157,-0.0019158866461806412,0.01815087025559793,0.027502660676250318
confirmation,C2,500,10000,injection/sink/layer19/eta0,300,0.0,0.0,0.0,0.0,0.0
confirmation,C2,500,10000,injection/sink/layer19/eta0.01,300,0.0005942500607548111,0.0005948074220672367,-0.00013018029881274606,0.001244199557567206,0.0020439328171136823
confirmation,C2,500,10000,injection/sink/layer19/eta0.03,300,0.001961040909834734,0.0019592750729538326,-0.00019885986808716786,0.00388164970818467,0.0063021652341827645
confirmation,C2,500,10000,injection/sink/layer19/eta0.1,300,0.008536438704162758,0.008771806251345656,0.0009807301318551613,0.014865214430441066,0.022956959281380723
confirmation,C2,500,10000,injection/sink/layer3/eta0,300,0.0,0.0,0.0,0.0,0.0
confirmation,C2,500,10000,injection/sink/layer3/eta0.01,300,4.599854076315411e-05,4.0685098002276075e-05,-0.0007688867764210137,0.0008598537895623154,0.0016096220241756895
confirmation,C2,500,10000,injection/sink/layer3/eta0.03,300,0.0003153351160484975,0.00036930474709338085,-0.002080211489219365,0.0028179574200487513,0.005196386622631644
confirmation,C2,500,10000,injection/sink/layer3/eta0.1,300,0.0033447183523904,0.0026517252283772136,-0.0046869938767801125,0.011760433827798197,0.02069621949683963
confirmation,C2,500,10000,single_delete/layer11,300,0.005384556452433268,0.0047070660929041585,-0.0015101770716389328,0.010860645864892195,0.01927783395361713
confirmation,C2,500,10000,single_delete/layer19,300,0.004989459595968091,0.0044117574616679995,-0.00011873245239257815,0.010217463876318743,0.01593773308701403
confirmation,C2,500,10000,single_delete/layer3,300,0.0011990505629011338,0.0006054705522191809,-0.0026370671790415844,0.0037188342237097073,0.007508519690806475
confirmation,C2,500,10000,single_rescue/layer11,300,0.0,0.0,0.0,0.0,0.0
confirmation,C2,500,10000,single_rescue/layer19,300,0.0,0.0,0.0,0.0,0.0
confirmation,C2,500,10000,single_rescue/layer3,300,0.0,0.0,0.0,0.0,0.0
