panel,state,operation,eligible_positions,common_available_positions,reference_below_floor_positions,natural_sink_degenerate_positions,max_norm_error,sink_unavailable_positions,random_unavailable_positions,orthogonal_unavailable_positions,non_sink_unavailable_positions
discovery,teacher,injection/sink/layer5/eta0,37800,37800,0,0,0.0,0,0,0,0
discovery,teacher,injection/sink/layer5/eta0.01,37800,37800,0,0,8.347053381818625e-09,0,0,0,0
discovery,teacher,injection/sink/layer5/eta0.03,37800,37800,0,0,2.984587066379163e-08,0,0,0,0
discovery,teacher,injection/sink/layer5/eta0.1,37800,37800,0,0,7.658925227360669e-08,0,0,0,0
discovery,teacher,injection/sink/layer17/eta0,37800,37800,0,0,0.0,0,0,0,0
discovery,teacher,injection/sink/layer17/eta0.01,37800,37800,0,0,6.2092611052833036e-09,0,0,0,0
discovery,teacher,injection/sink/layer17/eta0.03,37800,37800,0,0,6.300843180540028e-08,0,0,0,0
discovery,teacher,injection/sink/layer17/eta0.1,37800,37800,0,0,8.01225574775799e-08,0,0,0,0
discovery,teacher,injection/sink/layer29/eta0,37800,37800,0,0,0.0,0,0,0,0
discovery,teacher,injection/sink/layer29/eta0.01,37800,37800,0,0,4.17839438604517e-08,0,0,0,0
discovery,teacher,injection/sink/layer29/eta0.03,37800,37800,0,0,1.531917375174885e-07,0,0,0,0
discovery,teacher,injection/sink/layer29/eta0.1,37800,37800,0,0,5.250646886167942e-07,0,0,0,0
discovery,C1/step500,injection/sink/layer3/eta0,37800,37800,0,0,0.0,0,0,0,0
discovery,C1/step500,injection/sink/layer3/eta0.01,37800,37800,0,0,1.524531700880516e-08,0,0,0,0
discovery,C1/step500,injection/sink/layer3/eta0.03,37800,37800,0,0,4.459442504156641e-08,0,0,0,0
discovery,C1/step500,injection/sink/layer3/eta0.1,37800,37800,0,0,1.4228471201249704e-07,0,0,0,0
discovery,C1/step500,injection/sink/layer11/eta0,37800,35549,0,2251,0.0,2251,0,0,0
discovery,C1/step500,injection/sink/layer11/eta0.01,37800,35549,0,2251,3.250015190303657e-08,2251,0,0,0
discovery,C1/step500,injection/sink/layer11/eta0.03,37800,35549,0,2251,1.0135917705156317e-07,2251,0,0,0
discovery,C1/step500,injection/sink/layer11/eta0.1,37800,35549,0,2251,3.373058703459719e-07,2251,0,0,0
discovery,C1/step500,injection/sink/layer19/eta0,37800,37800,0,0,0.0,0,0,0,0
discovery,C1/step500,injection/sink/layer19/eta0.01,37800,37800,0,0,5.5201264004267614e-08,0,0,0,0
discovery,C1/step500,injection/sink/layer19/eta0.03,37800,37800,0,0,1.9550414975810781e-07,0,0,0,0
discovery,C1/step500,injection/sink/layer19/eta0.1,37800,37800,0,0,6.003610621974076e-07,0,0,0,0
discovery,C1/step2000,injection/sink/layer3/eta0,37800,37800,0,0,0.0,0,0,0,0
discovery,C1/step2000,injection/sink/layer3/eta0.01,37800,37800,0,0,5.6818837634864394e-08,0,0,0,0
discovery,C1/step2000,injection/sink/layer3/eta0.03,37800,37800,0,0,1.7819626840775982e-07,0,0,0,0
discovery,C1/step2000,injection/sink/layer3/eta0.1,37800,37800,0,0,5.117727823744644e-07,0,0,0,0
discovery,C1/step2000,injection/sink/layer11/eta0,37800,35402,0,2398,0.0,2398,0,0,0
discovery,C1/step2000,injection/sink/layer11/eta0.01,37800,35402,0,2398,3.0929175665050934e-08,2398,0,0,0
discovery,C1/step2000,injection/sink/layer11/eta0.03,37800,35402,0,2398,8.841975684958925e-08,2398,0,0,0
discovery,C1/step2000,injection/sink/layer11/eta0.1,37800,35402,0,2398,3.1730884586522734e-07,2398,0,0,0
discovery,C1/step2000,injection/sink/layer19/eta0,37800,37800,0,0,0.0,0,0,0,0
discovery,C1/step2000,injection/sink/layer19/eta0.01,37800,37800,0,0,4.3450075537521116e-08,0,0,0,0
discovery,C1/step2000,injection/sink/layer19/eta0.03,37800,37800,0,0,1.2153823192306845e-07,0,0,0,0
discovery,C1/step2000,injection/sink/layer19/eta0.1,37800,37800,0,0,4.1701376574110327e-07,0,0,0,0
discovery,C1/step10000,injection/sink/layer3/eta0,37800,37800,0,0,0.0,0,0,0,0
discovery,C1/step10000,injection/sink/layer3/eta0.01,37800,37800,0,0,3.500347878215848e-08,0,0,0,0
discovery,C1/step10000,injection/sink/layer3/eta0.03,37800,37800,0,0,1.1220308016035574e-07,0,0,0,0
discovery,C1/step10000,injection/sink/layer3/eta0.1,37800,37800,0,0,4.0468122364245573e-07,0,0,0,0
discovery,C1/step10000,injection/sink/layer11/eta0,37800,37800,0,0,0.0,0,0,0,0
discovery,C1/step10000,injection/sink/layer11/eta0.01,37800,37800,0,0,1.3562921896692615e-08,0,0,0,0
discovery,C1/step10000,injection/sink/layer11/eta0.03,37800,37800,0,0,3.650020552470323e-08,0,0,0,0
discovery,C1/step10000,injection/sink/layer11/eta0.1,37800,37800,0,0,1.229184007911499e-07,0,0,0,0
discovery,C1/step10000,injection/sink/layer19/eta0,37800,37800,0,0,0.0,0,0,0,0
discovery,C1/step10000,injection/sink/layer19/eta0.01,37800,37800,0,0,4.058426261721593e-08,0,0,0,0
discovery,C1/step10000,injection/sink/layer19/eta0.03,37800,37800,0,0,1.3989609293219019e-07,0,0,0,0
discovery,C1/step10000,injection/sink/layer19/eta0.1,37800,37800,0,0,4.961559483263045e-07,0,0,0,0
discovery,C2/step500,injection/sink/layer3/eta0,37800,37800,0,0,0.0,0,0,0,0
discovery,C2/step500,injection/sink/layer3/eta0.01,37800,37800,0,0,1.2205068067316915e-08,0,0,0,0
discovery,C2/step500,injection/sink/layer3/eta0.03,37800,37800,0,0,4.176214041251569e-08,0,0,0,0
discovery,C2/step500,injection/sink/layer3/eta0.1,37800,37800,0,0,1.4526002800607785e-07,0,0,0,0
discovery,C2/step500,injection/sink/layer11/eta0,37800,37800,0,0,0.0,0,0,0,0
discovery,C2/step500,injection/sink/layer11/eta0.01,37800,37800,0,0,3.034437057181094e-08,0,0,0,0
discovery,C2/step500,injection/sink/layer11/eta0.03,37800,37800,0,0,8.608681412169972e-08,0,0,0,0
discovery,C2/step500,injection/sink/layer11/eta0.1,37800,37800,0,0,2.931834615083062e-07,0,0,0,0
discovery,C2/step500,injection/sink/layer19/eta0,37800,37800,0,0,0.0,0,0,0,0
discovery,C2/step500,injection/sink/layer19/eta0.01,37800,37800,0,0,5.128733704395927e-08,0,0,0,0
discovery,C2/step500,injection/sink/layer19/eta0.03,37800,37800,0,0,1.648254084329892e-07,0,0,0,0
discovery,C2/step500,injection/sink/layer19/eta0.1,37800,37800,0,0,5.290062432550258e-07,0,0,0,0
discovery,C2/step2000,injection/sink/layer3/eta0,37800,37800,0,0,0.0,0,0,0,0
discovery,C2/step2000,injection/sink/layer3/eta0.01,37800,37800,0,0,3.091933020726856e-08,0,0,0,0
discovery,C2/step2000,injection/sink/layer3/eta0.03,37800,37800,0,0,1.0622059676279605e-07,0,0,0,0
discovery,C2/step2000,injection/sink/layer3/eta0.1,37800,37800,0,0,2.9073059693018877e-07,0,0,0,0
discovery,C2/step2000,injection/sink/layer11/eta0,37800,37800,0,0,0.0,0,0,0,0
discovery,C2/step2000,injection/sink/layer11/eta0.01,37800,37800,0,0,2.3545174698824667e-08,0,0,0,0
discovery,C2/step2000,injection/sink/layer11/eta0.03,37800,37800,0,0,7.282861957946807e-08,0,0,0,0
discovery,C2/step2000,injection/sink/layer11/eta0.1,37800,37800,0,0,2.584804548177999e-07,0,0,0,0
discovery,C2/step2000,injection/sink/layer19/eta0,37800,37800,0,0,0.0,0,0,0,0
discovery,C2/step2000,injection/sink/layer19/eta0.01,37800,37800,0,0,3.2874153177431253e-08,0,0,0,0
discovery,C2/step2000,injection/sink/layer19/eta0.03,37800,37800,0,0,1.007810279674004e-07,0,0,0,0
discovery,C2/step2000,injection/sink/layer19/eta0.1,37800,37800,0,0,3.4325584863381664e-07,0,0,0,0
discovery,C2/step10000,injection/sink/layer3/eta0,37800,37800,0,0,0.0,0,0,0,0
discovery,C2/step10000,injection/sink/layer3/eta0.01,37800,37800,0,0,1.995394383058624e-08,0,0,0,0
discovery,C2/step10000,injection/sink/layer3/eta0.03,37800,37800,0,0,6.66209878374957e-08,0,0,0,0
discovery,C2/step10000,injection/sink/layer3/eta0.1,37800,37800,0,0,1.8444268867767732e-07,0,0,0,0
discovery,C2/step10000,injection/sink/layer11/eta0,37800,37800,0,0,0.0,0,0,0,0
discovery,C2/step10000,injection/sink/layer11/eta0.01,37800,37800,0,0,1.3001138832180459e-08,0,0,0,0
discovery,C2/step10000,injection/sink/layer11/eta0.03,37800,37800,0,0,4.665219144328603e-08,0,0,0,0
discovery,C2/step10000,injection/sink/layer11/eta0.1,37800,37800,0,0,1.2292465179086776e-07,0,0,0,0
discovery,C2/step10000,injection/sink/layer19/eta0,37800,37800,0,0,0.0,0,0,0,0
discovery,C2/step10000,injection/sink/layer19/eta0.01,37800,37800,0,0,2.592055814432115e-08,0,0,0,0
discovery,C2/step10000,injection/sink/layer19/eta0.03,37800,37800,0,0,7.420250014433805e-08,0,0,0,0
discovery,C2/step10000,injection/sink/layer19/eta0.1,37800,37800,0,0,3.259306353697866e-07,0,0,0,0
discovery,C3/step500,injection/sink/layer3/eta0,37800,37800,0,0,0.0,0,0,0,0
discovery,C3/step500,injection/sink/layer3/eta0.01,37800,37800,0,0,1.529143478506967e-08,0,0,0,0
discovery,C3/step500,injection/sink/layer3/eta0.03,37800,37800,0,0,4.569255729336419e-08,0,0,0,0
discovery,C3/step500,injection/sink/layer3/eta0.1,37800,37800,0,0,1.4126861458407802e-07,0,0,0,0
discovery,C3/step500,injection/sink/layer11/eta0,37800,37800,0,0,0.0,0,0,0,0
discovery,C3/step500,injection/sink/layer11/eta0.01,37800,37800,0,0,3.220934363667993e-08,0,0,0,0
discovery,C3/step500,injection/sink/layer11/eta0.03,37800,37800,0,0,1.1504070585033332e-07,0,0,0,0
discovery,C3/step500,injection/sink/layer11/eta0.1,37800,37800,0,0,3.4552576266833057e-07,0,0,0,0
discovery,C3/step500,injection/sink/layer19/eta0,37800,37800,0,0,0.0,0,0,0,0
discovery,C3/step500,injection/sink/layer19/eta0.01,37800,37800,0,0,5.975834227456289e-08,0,0,0,0
discovery,C3/step500,injection/sink/layer19/eta0.03,37800,37800,0,0,1.71339529231318e-07,0,0,0,0
discovery,C3/step500,injection/sink/layer19/eta0.1,37800,37800,0,0,5.666561406769688e-07,0,0,0,0
discovery,C3/step2000,injection/sink/layer3/eta0,37800,37800,0,0,0.0,0,0,0,0
discovery,C3/step2000,injection/sink/layer3/eta0.01,37800,37800,0,0,3.1345670059579334e-08,0,0,0,0
discovery,C3/step2000,injection/sink/layer3/eta0.03,37800,37800,0,0,9.016092583635782e-08,0,0,0,0
discovery,C3/step2000,injection/sink/layer3/eta0.1,37800,37800,0,0,2.791238884469749e-07,0,0,0,0
discovery,C3/step2000,injection/sink/layer11/eta0,37800,37800,0,0,0.0,0,0,0,0
discovery,C3/step2000,injection/sink/layer11/eta0.01,37800,37800,0,0,2.7355433473985613e-08,0,0,0,0
discovery,C3/step2000,injection/sink/layer11/eta0.03,37800,37800,0,0,7.548403857526864e-08,0,0,0,0
discovery,C3/step2000,injection/sink/layer11/eta0.1,37800,37800,0,0,2.469799511573001e-07,0,0,0,0
discovery,C3/step2000,injection/sink/layer19/eta0,37800,37800,0,0,0.0,0,0,0,0
discovery,C3/step2000,injection/sink/layer19/eta0.01,37800,37800,0,0,4.025717093014691e-08,0,0,0,0
discovery,C3/step2000,injection/sink/layer19/eta0.03,37800,37800,0,0,1.114852636874275e-07,0,0,0,0
discovery,C3/step2000,injection/sink/layer19/eta0.1,37800,37800,0,0,3.4128795078913754e-07,0,0,0,0
discovery,C3/step10000,injection/sink/layer3/eta0,37800,37800,0,0,0.0,0,0,0,0
discovery,C3/step10000,injection/sink/layer3/eta0.01,37800,37800,0,0,1.977340757797208e-08,0,0,0,0
discovery,C3/step10000,injection/sink/layer3/eta0.03,37800,37800,0,0,6.20221776159724e-08,0,0,0,0
discovery,C3/step10000,injection/sink/layer3/eta0.1,37800,37800,0,0,1.9861354871864023e-07,0,0,0,0
discovery,C3/step10000,injection/sink/layer11/eta0,37800,37800,0,0,0.0,0,0,0,0
discovery,C3/step10000,injection/sink/layer11/eta0.01,37800,37800,0,0,1.5924872087680342e-08,0,0,0,0
discovery,C3/step10000,injection/sink/layer11/eta0.03,37800,37800,0,0,4.4102714369387286e-08,0,0,0,0
discovery,C3/step10000,injection/sink/layer11/eta0.1,37800,37800,0,0,1.6073189357257434e-07,0,0,0,0
discovery,C3/step10000,injection/sink/layer19/eta0,37800,37800,0,0,0.0,0,0,0,0
discovery,C3/step10000,injection/sink/layer19/eta0.01,37800,37800,0,0,2.013171673809211e-08,0,0,0,0
discovery,C3/step10000,injection/sink/layer19/eta0.03,37800,37800,0,0,5.731050656265779e-08,0,0,0,0
discovery,C3/step10000,injection/sink/layer19/eta0.1,37800,37800,0,0,2.0866223593429822e-07,0,0,0,0
discovery,C5/step500,injection/sink/layer3/eta0,37800,37800,0,0,0.0,0,0,0,0
discovery,C5/step500,injection/sink/layer3/eta0.01,37800,37800,0,0,1.2591048648147307e-08,0,0,0,0
discovery,C5/step500,injection/sink/layer3/eta0.03,37800,37800,0,0,3.804773296423036e-08,0,0,0,0
discovery,C5/step500,injection/sink/layer3/eta0.1,37800,37800,0,0,1.2678052385695082e-07,0,0,0,0
discovery,C5/step500,injection/sink/layer11/eta0,37800,37800,0,0,0.0,0,0,0,0
discovery,C5/step500,injection/sink/layer11/eta0.01,37800,37800,0,0,2.4171955104179688e-08,0,0,0,0
discovery,C5/step500,injection/sink/layer11/eta0.03,37800,37800,0,0,7.250412892290115e-08,0,0,0,0
discovery,C5/step500,injection/sink/layer11/eta0.1,37800,37800,0,0,2.7701261018364676e-07,0,0,0,0
discovery,C5/step500,injection/sink/layer19/eta0,37800,37800,0,0,0.0,0,0,0,0
discovery,C5/step500,injection/sink/layer19/eta0.01,37800,37800,0,0,4.956724808380386e-08,0,0,0,0
discovery,C5/step500,injection/sink/layer19/eta0.03,37800,37800,0,0,1.4876162524046777e-07,0,0,0,0
discovery,C5/step500,injection/sink/layer19/eta0.1,37800,37800,0,0,5.251024930430503e-07,0,0,0,0
discovery,C5/step2000,injection/sink/layer3/eta0,37800,37800,0,0,0.0,0,0,0,0
discovery,C5/step2000,injection/sink/layer3/eta0.01,37800,37800,0,0,4.3617654377214876e-08,0,0,0,0
discovery,C5/step2000,injection/sink/layer3/eta0.03,37800,37800,0,0,1.2016848316420692e-07,0,0,0,0
discovery,C5/step2000,injection/sink/layer3/eta0.1,37800,37800,0,0,5.178526798488292e-07,0,0,0,0
discovery,C5/step2000,injection/sink/layer11/eta0,37800,37800,0,0,0.0,0,0,0,0
discovery,C5/step2000,injection/sink/layer11/eta0.01,37800,37800,0,0,3.620664124071027e-08,0,0,0,0
discovery,C5/step2000,injection/sink/layer11/eta0.03,37800,37800,0,0,1.1084396334126723e-07,0,0,0,0
discovery,C5/step2000,injection/sink/layer11/eta0.1,37800,37800,0,0,3.593981290350712e-07,0,0,0,0
discovery,C5/step2000,injection/sink/layer19/eta0,37800,37800,0,0,0.0,0,0,0,0
discovery,C5/step2000,injection/sink/layer19/eta0.01,37800,37800,0,0,3.663335057524364e-08,0,0,0,0
discovery,C5/step2000,injection/sink/layer19/eta0.03,37800,37800,0,0,1.0795079852243816e-07,0,0,0,0
discovery,C5/step2000,injection/sink/layer19/eta0.1,37800,37800,0,0,3.2010274964022756e-07,0,0,0,0
discovery,C5/step10000,injection/sink/layer3/eta0,37800,37800,0,0,0.0,0,0,0,0
discovery,C5/step10000,injection/sink/layer3/eta0.01,37800,37800,0,0,3.940143566971699e-08,0,0,0,0
discovery,C5/step10000,injection/sink/layer3/eta0.03,37800,37800,0,0,1.2838661511693772e-07,0,0,0,0
discovery,C5/step10000,injection/sink/layer3/eta0.1,37800,37800,0,0,4.4225018847043884e-07,0,0,0,0
discovery,C5/step10000,injection/sink/layer11/eta0,37800,37800,0,0,0.0,0,0,0,0
discovery,C5/step10000,injection/sink/layer11/eta0.01,37800,37800,0,0,3.6112707491042784e-08,0,0,0,0
discovery,C5/step10000,injection/sink/layer11/eta0.03,37800,37800,0,0,1.0490702262444529e-07,0,0,0,0
discovery,C5/step10000,injection/sink/layer11/eta0.1,37800,37800,0,0,2.8288354059213816e-07,0,0,0,0
discovery,C5/step10000,injection/sink/layer19/eta0,37800,37800,0,0,0.0,0,0,0,0
discovery,C5/step10000,injection/sink/layer19/eta0.01,37800,37800,0,0,2.6234933336866106e-08,0,0,0,0
discovery,C5/step10000,injection/sink/layer19/eta0.03,37800,37800,0,0,8.304561127658872e-08,0,0,0,0
discovery,C5/step10000,injection/sink/layer19/eta0.1,37800,37800,0,0,3.6621186438878794e-07,0,0,0,0
discovery,C6/step500,injection/sink/layer3/eta0,37800,37800,0,0,0.0,0,0,0,0
discovery,C6/step500,injection/sink/layer3/eta0.01,37800,37800,0,0,1.4732188802213386e-08,0,0,0,0
discovery,C6/step500,injection/sink/layer3/eta0.03,37800,37800,0,0,4.2829099378138835e-08,0,0,0,0
discovery,C6/step500,injection/sink/layer3/eta0.1,37800,37800,0,0,1.4442282747495483e-07,0,0,0,0
discovery,C6/step500,injection/sink/layer11/eta0,37800,37800,0,0,0.0,0,0,0,0
discovery,C6/step500,injection/sink/layer11/eta0.01,37800,37800,0,0,3.4186272479530544e-08,0,0,0,0
discovery,C6/step500,injection/sink/layer11/eta0.03,37800,37800,0,0,1.0970531860721167e-07,0,0,0,0
discovery,C6/step500,injection/sink/layer11/eta0.1,37800,37800,0,0,3.441877112209113e-07,0,0,0,0
discovery,C6/step500,injection/sink/layer19/eta0,37800,37800,0,0,0.0,0,0,0,0
discovery,C6/step500,injection/sink/layer19/eta0.01,37800,37800,0,0,5.912526290785536e-08,0,0,0,0
discovery,C6/step500,injection/sink/layer19/eta0.03,37800,37800,0,0,1.751608351696632e-07,0,0,0,0
discovery,C6/step500,injection/sink/layer19/eta0.1,37800,37800,0,0,5.670605816021634e-07,0,0,0,0
discovery,C6/step2000,injection/sink/layer3/eta0,37800,37794,0,6,0.0,6,0,0,0
discovery,C6/step2000,injection/sink/layer3/eta0.01,37800,37794,0,6,2.0475930728736103e-08,6,0,0,0
discovery,C6/step2000,injection/sink/layer3/eta0.03,37800,37794,0,6,8.22060890470766e-08,6,0,0,0
discovery,C6/step2000,injection/sink/layer3/eta0.1,37800,37794,0,6,2.145381472473673e-07,6,0,0,0
discovery,C6/step2000,injection/sink/layer11/eta0,37800,37800,0,0,0.0,0,0,0,0
discovery,C6/step2000,injection/sink/layer11/eta0.01,37800,37800,0,0,2.740268545409208e-08,0,0,0,0
discovery,C6/step2000,injection/sink/layer11/eta0.03,37800,37800,0,0,8.722833300112143e-08,0,0,0,0
discovery,C6/step2000,injection/sink/layer11/eta0.1,37800,37800,0,0,2.56798863063068e-07,0,0,0,0
discovery,C6/step2000,injection/sink/layer19/eta0,37800,37800,0,0,0.0,0,0,0,0
discovery,C6/step2000,injection/sink/layer19/eta0.01,37800,37800,0,0,3.8756554410213084e-08,0,0,0,0
discovery,C6/step2000,injection/sink/layer19/eta0.03,37800,37800,0,0,1.3401002973978393e-07,0,0,0,0
discovery,C6/step2000,injection/sink/layer19/eta0.1,37800,37800,0,0,4.582363715144311e-07,0,0,0,0
discovery,C6/step10000,injection/sink/layer3/eta0,37800,37800,0,0,0.0,0,0,0,0
discovery,C6/step10000,injection/sink/layer3/eta0.01,37800,37800,0,0,2.4032022594155933e-08,0,0,0,0
discovery,C6/step10000,injection/sink/layer3/eta0.03,37800,37800,0,0,5.682397707928999e-08,0,0,0,0
discovery,C6/step10000,injection/sink/layer3/eta0.1,37800,37800,0,0,2.0748325013641988e-07,0,0,0,0
discovery,C6/step10000,injection/sink/layer11/eta0,37800,37800,0,0,0.0,0,0,0,0
discovery,C6/step10000,injection/sink/layer11/eta0.01,37800,37800,0,0,1.2313400965524579e-08,0,0,0,0
discovery,C6/step10000,injection/sink/layer11/eta0.03,37800,37800,0,0,3.4034679963212966e-08,0,0,0,0
discovery,C6/step10000,injection/sink/layer11/eta0.1,37800,37800,0,0,1.316690116937025e-07,0,0,0,0
discovery,C6/step10000,injection/sink/layer19/eta0,37800,37800,0,0,0.0,0,0,0,0
discovery,C6/step10000,injection/sink/layer19/eta0.01,37800,37800,0,0,1.74314997991587e-08,0,0,0,0
discovery,C6/step10000,injection/sink/layer19/eta0.03,37800,37800,0,0,1.8929259493205564e-07,0,0,0,0
discovery,C6/step10000,injection/sink/layer19/eta0.1,37800,37800,0,0,1.7298129506571058e-07,0,0,0,0
confirmation,teacher,injection/sink/layer5/eta0,37800,37800,0,0,0.0,0,0,0,0
confirmation,teacher,injection/sink/layer5/eta0.01,37800,37800,0,0,6.688000153687312e-09,0,0,0,0
confirmation,teacher,injection/sink/layer5/eta0.03,37800,37800,0,0,2.410092614368864e-08,0,0,0,0
confirmation,teacher,injection/sink/layer5/eta0.1,37800,37800,0,0,7.166991711216042e-08,0,0,0,0
confirmation,teacher,injection/sink/layer17/eta0,37800,37800,0,0,0.0,0,0,0,0
confirmation,teacher,injection/sink/layer17/eta0.01,37800,37800,0,0,8.042166488309022e-09,0,0,0,0
confirmation,teacher,injection/sink/layer17/eta0.03,37800,37800,0,0,2.7301249261313387e-08,0,0,0,0
confirmation,teacher,injection/sink/layer17/eta0.1,37800,37800,0,0,7.70876305011825e-08,0,0,0,0
confirmation,teacher,injection/sink/layer29/eta0,37800,37800,0,0,0.0,0,0,0,0
confirmation,teacher,injection/sink/layer29/eta0.01,37800,37800,0,0,3.6521018653701276e-08,0,0,0,0
confirmation,teacher,injection/sink/layer29/eta0.03,37800,37800,0,0,1.4551551164032617e-07,0,0,0,0
confirmation,teacher,injection/sink/layer29/eta0.1,37800,37800,0,0,3.039559821615967e-07,0,0,0,0
confirmation,C1/step500,injection/sink/layer3/eta0,37800,37800,0,0,0.0,0,0,0,0
confirmation,C1/step500,injection/sink/layer3/eta0.01,37800,37800,0,0,1.4025314687415857e-08,0,0,0,0
confirmation,C1/step500,injection/sink/layer3/eta0.03,37800,37800,0,0,4.271173814629492e-08,0,0,0,0
confirmation,C1/step500,injection/sink/layer3/eta0.1,37800,37800,0,0,1.4400301040495833e-07,0,0,0,0
confirmation,C1/step500,injection/sink/layer11/eta0,37800,35859,0,1941,0.0,1941,0,0,0
confirmation,C1/step500,injection/sink/layer11/eta0.01,37800,35859,0,1941,3.447802132683364e-08,1941,0,0,0
confirmation,C1/step500,injection/sink/layer11/eta0.03,37800,35859,0,1941,1.0683376672204759e-07,1941,0,0,0
confirmation,C1/step500,injection/sink/layer11/eta0.1,37800,35859,0,1941,3.281746288053e-07,1941,0,0,0
confirmation,C1/step500,injection/sink/layer19/eta0,37800,37800,0,0,0.0,0,0,0,0
confirmation,C1/step500,injection/sink/layer19/eta0.01,37800,37800,0,0,6.084966841513051e-08,0,0,0,0
confirmation,C1/step500,injection/sink/layer19/eta0.03,37800,37800,0,0,2.0650242760211768e-07,0,0,0,0
confirmation,C1/step500,injection/sink/layer19/eta0.1,37800,37800,0,0,5.697792033743099e-07,0,0,0,0
confirmation,C1/step2000,injection/sink/layer3/eta0,37800,37800,0,0,0.0,0,0,0,0
confirmation,C1/step2000,injection/sink/layer3/eta0.01,37800,37800,0,0,5.6313823826315e-08,0,0,0,0
confirmation,C1/step2000,injection/sink/layer3/eta0.03,37800,37800,0,0,1.7581390210352765e-07,0,0,0,0
confirmation,C1/step2000,injection/sink/layer3/eta0.1,37800,37800,0,0,5.879816171727725e-07,0,0,0,0
confirmation,C1/step2000,injection/sink/layer11/eta0,37800,36597,0,1203,0.0,1203,0,0,0
confirmation,C1/step2000,injection/sink/layer11/eta0.01,37800,36597,0,1203,2.5453959828780626e-08,1203,0,0,0
confirmation,C1/step2000,injection/sink/layer11/eta0.03,37800,36597,0,1203,9.927631339223808e-08,1203,0,0,0
confirmation,C1/step2000,injection/sink/layer11/eta0.1,37800,36597,0,1203,3.037900597746557e-07,1203,0,0,0
confirmation,C1/step2000,injection/sink/layer19/eta0,37800,37800,0,0,0.0,0,0,0,0
confirmation,C1/step2000,injection/sink/layer19/eta0.01,37800,37800,0,0,4.826422284054388e-08,0,0,0,0
confirmation,C1/step2000,injection/sink/layer19/eta0.03,37800,37800,0,0,1.4075229870513795e-07,0,0,0,0
confirmation,C1/step2000,injection/sink/layer19/eta0.1,37800,37800,0,0,1.003774073637942e-06,0,0,0,0
confirmation,C1/step10000,injection/sink/layer3/eta0,37800,37800,0,0,0.0,0,0,0,0
confirmation,C1/step10000,injection/sink/layer3/eta0.01,37800,37800,0,0,3.6539364645094e-08,0,0,0,0
confirmation,C1/step10000,injection/sink/layer3/eta0.03,37800,37800,0,0,1.2464073506635032e-07,0,0,0,0
confirmation,C1/step10000,injection/sink/layer3/eta0.1,37800,37800,0,0,4.10905325765043e-07,0,0,0,0
confirmation,C1/step10000,injection/sink/layer11/eta0,37800,37800,0,0,0.0,0,0,0,0
confirmation,C1/step10000,injection/sink/layer11/eta0.01,37800,37800,0,0,1.2827813478111239e-08,0,0,0,0
confirmation,C1/step10000,injection/sink/layer11/eta0.03,37800,37800,0,0,3.888153354836277e-08,0,0,0,0
confirmation,C1/step10000,injection/sink/layer11/eta0.1,37800,37800,0,0,1.2287780748465593e-07,0,0,0,0
confirmation,C1/step10000,injection/sink/layer19/eta0,37800,37800,0,0,0.0,0,0,0,0
confirmation,C1/step10000,injection/sink/layer19/eta0.01,37800,37800,0,0,3.218035438123934e-08,0,0,0,0
confirmation,C1/step10000,injection/sink/layer19/eta0.03,37800,37800,0,0,1.0648722259531951e-07,0,0,0,0
confirmation,C1/step10000,injection/sink/layer19/eta0.1,37800,37800,0,0,3.5075235871318e-07,0,0,0,0
confirmation,C2/step500,injection/sink/layer3/eta0,37800,37800,0,0,0.0,0,0,0,0
confirmation,C2/step500,injection/sink/layer3/eta0.01,37800,37800,0,0,1.2275332750277812e-08,0,0,0,0
confirmation,C2/step500,injection/sink/layer3/eta0.03,37800,37800,0,0,4.342887915953497e-08,0,0,0,0
confirmation,C2/step500,injection/sink/layer3/eta0.1,37800,37800,0,0,1.2342630384409858e-07,0,0,0,0
confirmation,C2/step500,injection/sink/layer11/eta0,37800,37800,0,0,0.0,0,0,0,0
confirmation,C2/step500,injection/sink/layer11/eta0.01,37800,37800,0,0,2.8884703517917387e-08,0,0,0,0
confirmation,C2/step500,injection/sink/layer11/eta0.03,37800,37800,0,0,9.55346948217084e-08,0,0,0,0
confirmation,C2/step500,injection/sink/layer11/eta0.1,37800,37800,0,0,2.9542495383338974e-07,0,0,0,0
confirmation,C2/step500,injection/sink/layer19/eta0,37800,37800,0,0,0.0,0,0,0,0
confirmation,C2/step500,injection/sink/layer19/eta0.01,37800,37800,0,0,5.3752248874161523e-08,0,0,0,0
confirmation,C2/step500,injection/sink/layer19/eta0.03,37800,37800,0,0,1.4167957473887327e-07,0,0,0,0
confirmation,C2/step500,injection/sink/layer19/eta0.1,37800,37800,0,0,5.602790338343766e-07,0,0,0,0
confirmation,C2/step2000,injection/sink/layer3/eta0,37800,37800,0,0,0.0,0,0,0,0
confirmation,C2/step2000,injection/sink/layer3/eta0.01,37800,37800,0,0,3.731942355145179e-08,0,0,0,0
confirmation,C2/step2000,injection/sink/layer3/eta0.03,37800,37800,0,0,1.0482776069409283e-07,0,0,0,0
confirmation,C2/step2000,injection/sink/layer3/eta0.1,37800,37800,0,0,2.952027280400671e-07,0,0,0,0
confirmation,C2/step2000,injection/sink/layer11/eta0,37800,37800,0,0,0.0,0,0,0,0
confirmation,C2/step2000,injection/sink/layer11/eta0.01,37800,37800,0,0,2.308536917183801e-08,0,0,0,0
confirmation,C2/step2000,injection/sink/layer11/eta0.03,37800,37800,0,0,7.520649525361023e-08,0,0,0,0
confirmation,C2/step2000,injection/sink/layer11/eta0.1,37800,37800,0,0,2.5424901650694665e-07,0,0,0,0
confirmation,C2/step2000,injection/sink/layer19/eta0,37800,37800,0,0,0.0,0,0,0,0
confirmation,C2/step2000,injection/sink/layer19/eta0.01,37800,37800,0,0,4.147959042910543e-08,0,0,0,0
confirmation,C2/step2000,injection/sink/layer19/eta0.03,37800,37800,0,0,1.1084740947353566e-07,0,0,0,0
confirmation,C2/step2000,injection/sink/layer19/eta0.1,37800,37800,0,0,3.4868359932715975e-07,0,0,0,0
confirmation,C2/step10000,injection/sink/layer3/eta0,37800,37800,0,0,0.0,0,0,0,0
confirmation,C2/step10000,injection/sink/layer3/eta0.01,37800,37800,0,0,1.9874528911500988e-08,0,0,0,0
confirmation,C2/step10000,injection/sink/layer3/eta0.03,37800,37800,0,0,6.136601271578002e-08,0,0,0,0
confirmation,C2/step10000,injection/sink/layer3/eta0.1,37800,37800,0,0,1.9398076211984971e-07,0,0,0,0
confirmation,C2/step10000,injection/sink/layer11/eta0,37800,37800,0,0,0.0,0,0,0,0
confirmation,C2/step10000,injection/sink/layer11/eta0.01,37800,37800,0,0,1.1196040095029502e-08,0,0,0,0
confirmation,C2/step10000,injection/sink/layer11/eta0.03,37800,37800,0,0,3.644627000198852e-08,0,0,0,0
confirmation,C2/step10000,injection/sink/layer11/eta0.1,37800,37800,0,0,1.5588045698677888e-07,0,0,0,0
confirmation,C2/step10000,injection/sink/layer19/eta0,37800,37800,0,0,0.0,0,0,0,0
confirmation,C2/step10000,injection/sink/layer19/eta0.01,37800,37800,0,0,2.7375950839569896e-08,0,0,0,0
confirmation,C2/step10000,injection/sink/layer19/eta0.03,37800,37800,0,0,8.916517124646361e-08,0,0,0,0
confirmation,C2/step10000,injection/sink/layer19/eta0.1,37800,37800,0,0,3.103562136175242e-07,0,0,0,0
confirmation,C3/step500,injection/sink/layer3/eta0,37800,37800,0,0,0.0,0,0,0,0
confirmation,C3/step500,injection/sink/layer3/eta0.01,37800,37800,0,0,1.440030672483772e-08,0,0,0,0
confirmation,C3/step500,injection/sink/layer3/eta0.03,37800,37800,0,0,4.3179333886200766e-08,0,0,0,0
confirmation,C3/step500,injection/sink/layer3/eta0.1,37800,37800,0,0,1.5272187781079083e-07,0,0,0,0
confirmation,C3/step500,injection/sink/layer11/eta0,37800,37800,0,0,0.0,0,0,0,0
confirmation,C3/step500,injection/sink/layer11/eta0.01,37800,37800,0,0,3.296648554140802e-08,0,0,0,0
confirmation,C3/step500,injection/sink/layer11/eta0.03,37800,37800,0,0,1.0191229549150194e-07,0,0,0,0
confirmation,C3/step500,injection/sink/layer11/eta0.1,37800,37800,0,0,3.786624205304179e-07,0,0,0,0
confirmation,C3/step500,injection/sink/layer19/eta0,37800,37800,0,0,0.0,0,0,0,0
confirmation,C3/step500,injection/sink/layer19/eta0.01,37800,37800,0,0,5.865427432638626e-08,0,0,0,0
confirmation,C3/step500,injection/sink/layer19/eta0.03,37800,37800,0,0,1.6167130922895012e-07,0,0,0,0
confirmation,C3/step500,injection/sink/layer19/eta0.1,37800,37800,0,0,5.461160696995648e-07,0,0,0,0
confirmation,C3/step2000,injection/sink/layer3/eta0,37800,37800,0,0,0.0,0,0,0,0
confirmation,C3/step2000,injection/sink/layer3/eta0.01,37800,37800,0,0,2.8266956331179927e-08,0,0,0,0
confirmation,C3/step2000,injection/sink/layer3/eta0.03,37800,37800,0,0,9.569074599369287e-08,0,0,0,0
confirmation,C3/step2000,injection/sink/layer3/eta0.1,37800,37800,0,0,3.286763501364476e-07,0,0,0,0
confirmation,C3/step2000,injection/sink/layer11/eta0,37800,37800,0,0,0.0,0,0,0,0
confirmation,C3/step2000,injection/sink/layer11/eta0.01,37800,37800,0,0,2.479801963772843e-08,0,0,0,0
confirmation,C3/step2000,injection/sink/layer11/eta0.03,37800,37800,0,0,7.709127558541695e-08,0,0,0,0
confirmation,C3/step2000,injection/sink/layer11/eta0.1,37800,37800,0,0,2.439457560399205e-07,0,0,0,0
confirmation,C3/step2000,injection/sink/layer19/eta0,37800,37800,0,0,0.0,0,0,0,0
confirmation,C3/step2000,injection/sink/layer19/eta0.01,37800,37800,0,0,3.822317218293847e-08,0,0,0,0
confirmation,C3/step2000,injection/sink/layer19/eta0.03,37800,37800,0,0,1.2907822721786033e-07,0,0,0,0
confirmation,C3/step2000,injection/sink/layer19/eta0.1,37800,37800,0,0,3.5590261404649937e-07,0,0,0,0
confirmation,C3/step10000,injection/sink/layer3/eta0,37800,37800,0,0,0.0,0,0,0,0
confirmation,C3/step10000,injection/sink/layer3/eta0.01,37800,37800,0,0,2.129629161906621e-08,0,0,0,0
confirmation,C3/step10000,injection/sink/layer3/eta0.03,37800,37800,0,0,6.154771714506069e-08,0,0,0,0
confirmation,C3/step10000,injection/sink/layer3/eta0.1,37800,37800,0,0,2.0751349083525383e-07,0,0,0,0
confirmation,C3/step10000,injection/sink/layer11/eta0,37800,37800,0,0,0.0,0,0,0,0
confirmation,C3/step10000,injection/sink/layer11/eta0.01,37800,37800,0,0,1.3490557115858337e-08,0,0,0,0
confirmation,C3/step10000,injection/sink/layer11/eta0.03,37800,37800,0,0,5.552722903701124e-08,0,0,0,0
confirmation,C3/step10000,injection/sink/layer11/eta0.1,37800,37800,0,0,1.2849530861558378e-07,0,0,0,0
confirmation,C3/step10000,injection/sink/layer19/eta0,37800,37800,0,0,0.0,0,0,0,0
confirmation,C3/step10000,injection/sink/layer19/eta0.01,37800,37800,0,0,2.1466060040609136e-08,0,0,0,0
confirmation,C3/step10000,injection/sink/layer19/eta0.03,37800,37800,0,0,5.154294235865109e-08,0,0,0,0
confirmation,C3/step10000,injection/sink/layer19/eta0.1,37800,37800,0,0,2.1533191585376699e-07,0,0,0,0
confirmation,C5/step500,injection/sink/layer3/eta0,37800,37800,0,0,0.0,0,0,0,0
confirmation,C5/step500,injection/sink/layer3/eta0.01,37800,37800,0,0,1.2673562199694288e-08,0,0,0,0
confirmation,C5/step500,injection/sink/layer3/eta0.03,37800,37800,0,0,3.943380999515966e-08,0,0,0,0
confirmation,C5/step500,injection/sink/layer3/eta0.1,37800,37800,0,0,1.3192939007922178e-07,0,0,0,0
confirmation,C5/step500,injection/sink/layer11/eta0,37800,37800,0,0,0.0,0,0,0,0
confirmation,C5/step500,injection/sink/layer11/eta0.01,37800,37800,0,0,3.003531201528631e-08,0,0,0,0
confirmation,C5/step500,injection/sink/layer11/eta0.03,37800,37800,0,0,7.507658494887437e-08,0,0,0,0
confirmation,C5/step500,injection/sink/layer11/eta0.1,37800,37800,0,0,2.634548934565828e-07,0,0,0,0
confirmation,C5/step500,injection/sink/layer19/eta0,37800,37800,0,0,0.0,0,0,0,0
confirmation,C5/step500,injection/sink/layer19/eta0.01,37800,37800,0,0,5.375192912993043e-08,0,0,0,0
confirmation,C5/step500,injection/sink/layer19/eta0.03,37800,37800,0,0,1.37104201769489e-07,0,0,0,0
confirmation,C5/step500,injection/sink/layer19/eta0.1,37800,37800,0,0,5.146845580838999e-07,0,0,0,0
confirmation,C5/step2000,injection/sink/layer3/eta0,37800,37800,0,0,0.0,0,0,0,0
confirmation,C5/step2000,injection/sink/layer3/eta0.01,37800,37800,0,0,4.629425687241451e-08,0,0,0,0
confirmation,C5/step2000,injection/sink/layer3/eta0.03,37800,37800,0,0,1.5777045625497976e-07,0,0,0,0
confirmation,C5/step2000,injection/sink/layer3/eta0.1,37800,37800,0,0,4.803478290682506e-07,0,0,0,0
confirmation,C5/step2000,injection/sink/layer11/eta0,37800,37800,0,0,0.0,0,0,0,0
confirmation,C5/step2000,injection/sink/layer11/eta0.01,37800,37800,0,0,3.489202926587609e-08,0,0,0,0
confirmation,C5/step2000,injection/sink/layer11/eta0.03,37800,37800,0,0,9.556729629878191e-08,0,0,0,0
confirmation,C5/step2000,injection/sink/layer11/eta0.1,37800,37800,0,0,4.2818282253165307e-07,0,0,0,0
confirmation,C5/step2000,injection/sink/layer19/eta0,37800,37800,0,0,0.0,0,0,0,0
confirmation,C5/step2000,injection/sink/layer19/eta0.01,37800,37800,0,0,3.419498728618464e-08,0,0,0,0
confirmation,C5/step2000,injection/sink/layer19/eta0.03,37800,37800,0,0,1.101831799132924e-07,0,0,0,0
confirmation,C5/step2000,injection/sink/layer19/eta0.1,37800,37800,0,0,3.6135088521405123e-07,0,0,0,0
confirmation,C5/step10000,injection/sink/layer3/eta0,37800,37800,0,0,0.0,0,0,0,0
confirmation,C5/step10000,injection/sink/layer3/eta0.01,37800,37800,0,0,4.256845365091522e-08,0,0,0,0
confirmation,C5/step10000,injection/sink/layer3/eta0.03,37800,37800,0,0,1.4867290598630234e-07,0,0,0,0
confirmation,C5/step10000,injection/sink/layer3/eta0.1,37800,37800,0,0,4.768863597348627e-07,0,0,0,0
confirmation,C5/step10000,injection/sink/layer11/eta0,37800,37800,0,0,0.0,0,0,0,0
confirmation,C5/step10000,injection/sink/layer11/eta0.01,37800,37800,0,0,3.1284804080655704e-08,0,0,0,0
confirmation,C5/step10000,injection/sink/layer11/eta0.03,37800,37800,0,0,1.2529403914385284e-07,0,0,0,0
confirmation,C5/step10000,injection/sink/layer11/eta0.1,37800,37800,0,0,3.0941980355692067e-07,0,0,0,0
confirmation,C5/step10000,injection/sink/layer19/eta0,37800,37800,0,0,0.0,0,0,0,0
confirmation,C5/step10000,injection/sink/layer19/eta0.01,37800,37800,0,0,2.777347063442903e-08,0,0,0,0
confirmation,C5/step10000,injection/sink/layer19/eta0.03,37800,37800,0,0,1.0094741398347651e-07,0,0,0,0
confirmation,C5/step10000,injection/sink/layer19/eta0.1,37800,37800,0,0,4.959985844266157e-07,0,0,0,0
confirmation,C6/step500,injection/sink/layer3/eta0,37800,37800,0,0,0.0,0,0,0,0
confirmation,C6/step500,injection/sink/layer3/eta0.01,37800,37800,0,0,1.5497436667288866e-08,0,0,0,0
confirmation,C6/step500,injection/sink/layer3/eta0.03,37800,37800,0,0,4.428100197628737e-08,0,0,0,0
confirmation,C6/step500,injection/sink/layer3/eta0.1,37800,37800,0,0,1.5157708332935727e-07,0,0,0,0
confirmation,C6/step500,injection/sink/layer11/eta0,37800,37800,0,0,0.0,0,0,0,0
confirmation,C6/step500,injection/sink/layer11/eta0.01,37800,37800,0,0,3.553971605896322e-08,0,0,0,0
confirmation,C6/step500,injection/sink/layer11/eta0.03,37800,37800,0,0,1.095369412951186e-07,0,0,0,0
confirmation,C6/step500,injection/sink/layer11/eta0.1,37800,37800,0,0,3.6272253112201724e-07,0,0,0,0
confirmation,C6/step500,injection/sink/layer19/eta0,37800,37800,0,0,0.0,0,0,0,0
confirmation,C6/step500,injection/sink/layer19/eta0.01,37800,37800,0,0,6.721871770309917e-08,0,0,0,0
confirmation,C6/step500,injection/sink/layer19/eta0.03,37800,37800,0,0,2.160993659572341e-07,0,0,0,0
confirmation,C6/step500,injection/sink/layer19/eta0.1,37800,37800,0,0,5.837720635781807e-07,0,0,0,0
confirmation,C6/step2000,injection/sink/layer3/eta0,37800,37796,0,4,0.0,4,0,0,0
confirmation,C6/step2000,injection/sink/layer3/eta0.01,37800,37796,0,4,2.2597572701954505e-08,4,0,0,0
confirmation,C6/step2000,injection/sink/layer3/eta0.03,37800,37796,0,4,6.981094990976544e-08,4,0,0,0
confirmation,C6/step2000,injection/sink/layer3/eta0.1,37800,37796,0,4,2.4063560033482645e-07,4,0,0,0
confirmation,C6/step2000,injection/sink/layer11/eta0,37800,37800,0,0,0.0,0,0,0,0
confirmation,C6/step2000,injection/sink/layer11/eta0.01,37800,37800,0,0,2.7373338262748348e-08,0,0,0,0
confirmation,C6/step2000,injection/sink/layer11/eta0.03,37800,37800,0,0,9.998237260333553e-08,0,0,0,0
confirmation,C6/step2000,injection/sink/layer11/eta0.1,37800,37800,0,0,3.113347091243668e-07,0,0,0,0
confirmation,C6/step2000,injection/sink/layer19/eta0,37800,37800,0,0,0.0,0,0,0,0
confirmation,C6/step2000,injection/sink/layer19/eta0.01,37800,37800,0,0,3.971181339323948e-08,0,0,0,0
confirmation,C6/step2000,injection/sink/layer19/eta0.03,37800,37800,0,0,1.311945254656166e-07,0,0,0,0
confirmation,C6/step2000,injection/sink/layer19/eta0.1,37800,37800,0,0,4.4188861636484944e-07,0,0,0,0
confirmation,C6/step10000,injection/sink/layer3/eta0,37800,37800,0,0,0.0,0,0,0,0
confirmation,C6/step10000,injection/sink/layer3/eta0.01,37800,37800,0,0,2.2444107683483594e-08,0,0,0,0
confirmation,C6/step10000,injection/sink/layer3/eta0.03,37800,37800,0,0,6.812131214672945e-08,0,0,0,0
confirmation,C6/step10000,injection/sink/layer3/eta0.1,37800,37800,0,0,2.1609353062501668e-07,0,0,0,0
confirmation,C6/step10000,injection/sink/layer11/eta0,37800,37800,0,0,0.0,0,0,0,0
confirmation,C6/step10000,injection/sink/layer11/eta0.01,37800,37800,0,0,1.2769596047235154e-08,0,0,0,0
confirmation,C6/step10000,injection/sink/layer11/eta0.03,37800,37800,0,0,3.576839890939709e-08,0,0,0,0
confirmation,C6/step10000,injection/sink/layer11/eta0.1,37800,37800,0,0,1.0609502254510517e-07,0,0,0,0
confirmation,C6/step10000,injection/sink/layer19/eta0,37800,37800,0,0,0.0,0,0,0,0
confirmation,C6/step10000,injection/sink/layer19/eta0.01,37800,37800,0,0,1.9257666572514154e-08,0,0,0,0
confirmation,C6/step10000,injection/sink/layer19/eta0.03,37800,37800,0,0,5.9573718402816667e-08,0,0,0,0
confirmation,C6/step10000,injection/sink/layer19/eta0.1,37800,37800,0,0,1.913864764446771e-07,0,0,0,0
