panel,state,origin,third,layer,single_delete_delta_ce_nats,single_rescue_delta_ce_nats,all_delete_delta_ce_nats,conditional_rescue_delta_ce_nats,conditional_loss_reduction_nats
discovery,teacher,AdritaPC,0,5,0.0030591092797682684,0.0,1.4271086626633842,1.4142082068049335,0.012900455858450677
discovery,teacher,AdritaPC,1,17,0.020129708489781795,0.0,1.4271086626633842,1.1072882497872856,0.31982041287609864
discovery,teacher,AdritaPC,2,29,0.005553352561244118,0.0,1.4271086626633842,1.3189827403495586,0.10812592231382556
discovery,C1/step500,AdritaPC,0,3,0.0001404730729230863,0.0,0.00759390182695352,0.007055418660320889,0.0005384831666326306
discovery,C1/step500,AdritaPC,1,11,5.1421017784214484e-05,0.0,0.00759390182695352,0.007271602560528834,0.000322299266424686
discovery,C1/step500,AdritaPC,2,19,3.157257720864948e-05,0.0,0.00759390182695352,0.007322454077051788,0.00027144774990173204
discovery,C1/step2000,AdritaPC,0,3,8.096104218946465e-05,0.0,0.01402062914190072,0.013490805588369348,0.0005298235535313722
discovery,C1/step2000,AdritaPC,1,11,0.00033028494967624056,0.0,0.01402062914190072,0.012570793872743735,0.001449835269156985
discovery,C1/step2000,AdritaPC,2,19,7.904683511128496e-05,0.0,0.01402062914190072,0.012964776507200071,0.0010558526347006492
discovery,C1/step10000,AdritaPC,0,3,0.00029214203201233246,0.0,0.05117747457008681,0.05050670335924812,0.0006707712108386943
discovery,C1/step10000,AdritaPC,1,11,0.0011171874349198418,0.0,0.05117747457008681,0.048112256420565824,0.0030652181495209874
discovery,C1/step10000,AdritaPC,2,19,0.00033163185820495045,0.0,0.05117747457008681,0.04645165408377272,0.004725820486314092
discovery,C2/step500,AdritaPC,0,3,0.0004101188038907466,0.0,0.012264523443588082,0.009196311970708138,0.0030682114728799448
discovery,C2/step500,AdritaPC,1,11,-0.0011204887249958162,0.0,0.012264523443588082,0.01251556796977571,-0.00025104452618762707
discovery,C2/step500,AdritaPC,2,19,-0.0007283196236516076,0.0,0.012264523443588082,0.012335363072673466,-7.08396290853841e-05
discovery,C2/step2000,AdritaPC,0,3,0.0008154088117944269,0.0,0.03817369691343142,0.0359369360555819,0.002236760857849518
discovery,C2/step2000,AdritaPC,1,11,0.0015695535855035914,0.0,0.03817369691343142,0.035492297044889654,0.0026813998685417673
discovery,C2/step2000,AdritaPC,2,19,0.0005977888432706635,0.0,0.03817369691343142,0.03466012268867402,0.0035135742247573987
discovery,C2/step10000,AdritaPC,0,3,0.0027474434669874093,0.0,0.37322635290190886,0.36411819800930045,0.009108154892608411
discovery,C2/step10000,AdritaPC,1,11,0.0047580992330718,0.0,0.37322635290190886,0.36498114119051595,0.008245211711392919
discovery,C2/step10000,AdritaPC,2,19,0.0016593074047657197,0.0,0.37322635290190886,0.33373903599936794,0.039487316902540925
discovery,C3/step500,AdritaPC,0,3,-7.356057955565376e-05,0.0,0.012056665395500765,0.009684259309542753,0.002372406085958012
discovery,C3/step500,AdritaPC,1,11,-0.0007946256702657806,0.0,0.012056665395500765,0.011391113261224994,0.0006655521342757709
discovery,C3/step500,AdritaPC,2,19,-0.0008291803194779845,0.0,0.012056665395500765,0.011824462570229954,0.00023220282527081082
discovery,C3/step2000,AdritaPC,0,3,0.0004548589451109919,0.0,0.04408384643514651,0.042475195857170966,0.0016086505779755456
discovery,C3/step2000,AdritaPC,1,11,0.00019855659464873554,0.0,0.04408384643514651,0.04022365795345806,0.0038601884816884535
discovery,C3/step2000,AdritaPC,2,19,0.0005613319016504192,0.0,0.04408384643514651,0.04059190975399485,0.003491936681151664
discovery,C3/step10000,AdritaPC,0,3,0.001505947388376061,0.0,0.34625874916086685,0.3390199147622419,0.007238834398624938
discovery,C3/step10000,AdritaPC,1,11,0.002003659025577864,0.0,0.34625874916086685,0.33356418335531623,0.012694565805550617
discovery,C3/step10000,AdritaPC,2,19,0.0025672203724780296,0.0,0.34625874916086685,0.32611543222362327,0.020143316937243583
discovery,C5/step500,AdritaPC,0,3,-0.0001122864650620059,0.0,0.008025531418367038,0.006874863531958653,0.0011506678864083852
discovery,C5/step500,AdritaPC,1,11,7.226208063570994e-05,0.0,0.008025531418367038,0.007154838982529554,0.0008706924358374835
discovery,C5/step500,AdritaPC,2,19,2.2810788292026984e-05,0.0,0.008025531418367038,0.007778384191157173,0.00024714722720986515
discovery,C5/step2000,AdritaPC,0,3,0.0002484990918416585,0.0,0.016026136643617406,0.015264806121665586,0.0007613305219518196
discovery,C5/step2000,AdritaPC,1,11,0.0005673404503365731,0.0,0.016026136643617406,0.014465823586531812,0.0015603130570855939
discovery,C5/step2000,AdritaPC,2,19,0.00019047784680115143,0.0,0.016026136643617406,0.014873493925479764,0.001152642718137642
discovery,C5/step10000,AdritaPC,0,3,0.0005730600682456455,0.0,0.07004632734563998,0.06830241368511558,0.0017439136605243988
discovery,C5/step10000,AdritaPC,1,11,0.0010146478092263322,0.0,0.07004632734563998,0.06122465104255781,0.008821676303082171
discovery,C5/step10000,AdritaPC,2,19,0.0006904095426945034,0.0,0.07004632734563998,0.0616870840953716,0.008359243250268378
discovery,C6/step500,AdritaPC,0,3,0.00010277375148604051,0.0,0.011686408475941157,0.009366078414315915,0.002320330061625242
discovery,C6/step500,AdritaPC,1,11,-0.0010516310363932746,0.0,0.011686408475941157,0.0116843202045267,2.0882714144576653e-06
discovery,C6/step500,AdritaPC,2,19,-1.5036214993990882e-05,0.0,0.011686408475941157,0.01126224367637274,0.00042416479956841613
discovery,C6/step2000,AdritaPC,0,3,0.00010565034360698888,0.0,0.029482152643478976,0.028632561891410724,0.0008495907520682522
discovery,C6/step2000,AdritaPC,1,11,0.0005994746190669531,0.0,0.029482152643478976,0.02684451661397791,0.002637636029501067
discovery,C6/step2000,AdritaPC,2,19,3.3174249443490567e-05,0.0,0.029482152643478976,0.02739887027289889,0.0020832823705800863
discovery,C6/step10000,AdritaPC,0,3,0.0005574285201825901,0.0,0.22731223449306537,0.2221829698592659,0.00512926463379948
discovery,C6/step10000,AdritaPC,1,11,0.0021525001275568556,0.0,0.22731223449306537,0.21759139323797783,0.009720841255087542
discovery,C6/step10000,AdritaPC,2,19,0.0026978269712190084,0.0,0.22731223449306537,0.20859073004384676,0.018721504449218607
confirmation,teacher,AdritaPC,0,5,0.002793337247869676,0.0,1.5608543078738983,1.5432333639014533,0.01762094397244507
confirmation,teacher,AdritaPC,1,17,0.02221492691476401,0.0,1.5608543078738983,1.203843384570567,0.3570109233033314
confirmation,teacher,AdritaPC,2,29,0.010059905723446061,0.0,1.5608543078738983,1.4520971356970542,0.10875717217684411
confirmation,C1/step500,NodiPC,0,3,6.6605014747977975e-06,0.0,0.00653222161640965,0.006278488079081157,0.00025373353732849324
confirmation,C1/step500,NodiPC,1,11,2.6444662900360072e-05,0.0,0.00653222161640965,0.006125524525880444,0.00040669709052920666
confirmation,C1/step500,NodiPC,2,19,2.9003213396272542e-05,0.0,0.00653222161640965,0.006296965631600315,0.00023525598480933496
confirmation,C1/step2000,NodiPC,0,3,-2.221270183255797e-05,0.0,0.01429529084934078,0.01389884723453072,0.0003964436148100603
confirmation,C1/step2000,NodiPC,1,11,0.0002496328879528775,0.0,0.01429529084934078,0.01304850365546173,0.001246787193879051
confirmation,C1/step2000,NodiPC,2,19,0.0001075698071577591,0.0,0.01429529084934078,0.012997523280266599,0.001297767569074182
confirmation,C1/step10000,NodiPC,0,3,0.00011121047763396064,0.0,0.06228034424969486,0.061676908815939235,0.000603435433755628
confirmation,C1/step10000,NodiPC,1,11,0.000893152417160259,0.0,0.06228034424969486,0.05959839454160232,0.002681949708092546
confirmation,C1/step10000,NodiPC,2,19,0.000543538791927034,0.0,0.06228034424969486,0.055484974665904296,0.006795369583790567
confirmation,C2/step500,NodiPC,0,3,0.00026743250569083443,0.0,0.014148167888010654,0.011254448677924245,0.0028937192100864095
confirmation,C2/step500,NodiPC,1,11,-0.0010784009998552335,0.0,0.014148167888010654,0.013427683412246871,0.0007204844757637829
confirmation,C2/step500,NodiPC,2,19,-0.0007498769685039264,0.0,0.014148167888010654,0.01425586329983286,-0.00010769541182220621
confirmation,C2/step2000,NodiPC,0,3,0.0009297929097975555,0.0,0.038781058143755764,0.0362524094168597,0.0025286487268960656
confirmation,C2/step2000,NodiPC,1,11,0.00235358601167146,0.0,0.038781058143755764,0.0351679101578517,0.003613147985904064
confirmation,C2/step2000,NodiPC,2,19,0.00021924466911560359,0.0,0.038781058143755764,0.035190638444555056,0.0035904196992007087
confirmation,C2/step10000,NodiPC,0,3,0.0014664830685910957,0.0,0.40120735428777543,0.39185083501920914,0.009356519268566288
confirmation,C2/step10000,NodiPC,1,11,0.00430615545257762,0.0,0.40120735428777543,0.39015856016965067,0.01104879411812476
confirmation,C2/step10000,NodiPC,2,19,0.004239582627463712,0.0,0.40120735428777543,0.3585198607407216,0.04268749354705381
confirmation,C3/step500,NodiPC,0,3,0.00015732512386446018,0.0,0.015926340758956492,0.013489455976510634,0.0024368847824458584
confirmation,C3/step500,NodiPC,1,11,-0.0007896871892176804,0.0,0.015926340758956492,0.01502520643819949,0.0009011343207570022
confirmation,C3/step500,NodiPC,2,19,-0.0006925510796982337,0.0,0.015926340758956492,0.015199969434362082,0.0007263713245944103
confirmation,C3/step2000,NodiPC,0,3,-8.428578614605442e-06,0.0,0.040332680048905445,0.03830151460302211,0.0020311654458833317
confirmation,C3/step2000,NodiPC,1,11,1.149310214643151e-05,0.0,0.040332680048905445,0.03700971728547664,0.003322962763428805
confirmation,C3/step2000,NodiPC,2,19,0.00014434003454510957,0.0,0.040332680048905445,0.036354612816037246,0.003978067232868199
confirmation,C3/step10000,NodiPC,0,3,0.00041067392494475996,0.0,0.3682164195954334,0.36133719782191065,0.006879221773522737
confirmation,C3/step10000,NodiPC,1,11,0.0013898528842481994,0.0,0.3682164195954334,0.35731028427915046,0.010906135316282928
confirmation,C3/step10000,NodiPC,2,19,0.0028035631204845757,0.0,0.3682164195954334,0.3480814238921246,0.02013499570330879
confirmation,C5/step500,NodiPC,0,3,-0.00026360929794488897,0.0,0.005351967799069435,0.004472573848534722,0.0008793939505347126
confirmation,C5/step500,NodiPC,1,11,8.486019344822182e-05,0.0,0.005351967799069435,0.004536259568582501,0.0008157082304869334
confirmation,C5/step500,NodiPC,2,19,-4.30369940307429e-06,0.0,0.005351967799069435,0.0051763933036586,0.00017557449541083514
confirmation,C5/step2000,NodiPC,0,3,0.00017536123280770255,0.0,0.017209879056674815,0.016130622703572683,0.0010792563531021315
confirmation,C5/step2000,NodiPC,1,11,0.00040299713455116404,0.0,0.017209879056674815,0.015983308006146224,0.001226571050528591
confirmation,C5/step2000,NodiPC,2,19,0.00017445131236826228,0.0,0.017209879056674815,0.015736148964388796,0.0014737300922860186
confirmation,C5/step10000,NodiPC,0,3,4.3420966841623e-05,0.0,0.0852639653613867,0.08348822486056395,0.0017757405008227423
confirmation,C5/step10000,NodiPC,1,11,0.0010982917675503856,0.0,0.0852639653613867,0.0765103515114367,0.008753613849949993
confirmation,C5/step10000,NodiPC,2,19,0.0006404698990145619,0.0,0.0852639653613867,0.07419264983630214,0.011071315525084557
confirmation,C6/step500,NodiPC,0,3,-0.0002690563051723771,0.0,0.010673940663575188,0.008907200570494211,0.0017667400930809762
confirmation,C6/step500,NodiPC,1,11,-0.0007935442386344249,0.0,0.010673940663575188,0.01009107885085303,0.0005828618127221574
confirmation,C6/step500,NodiPC,2,19,-0.0002539569123838348,0.0,0.010673940663575188,0.010452015193428643,0.0002219254701465445
confirmation,C6/step2000,NodiPC,0,3,0.0001431926717287979,0.0,0.024998368941580473,0.024031848056423222,0.0009665208851572515
confirmation,C6/step2000,NodiPC,1,11,0.0006779876468687718,0.0,0.024998368941580473,0.022662394866543423,0.0023359740750370506
confirmation,C6/step2000,NodiPC,2,19,-0.0005530701784950409,0.0,0.024998368941580473,0.023523692934531937,0.0014746760070485365
confirmation,C6/step10000,NodiPC,0,3,0.00021635591201629722,0.0,0.24929264178739174,0.24391347634823646,0.005379165439155287
confirmation,C6/step10000,NodiPC,1,11,0.0015402632185166354,0.0,0.24929264178739174,0.2421796703088317,0.007112971478560048
confirmation,C6/step10000,NodiPC,2,19,0.001755184739280935,0.0,0.24929264178739174,0.2318796908511267,0.017412950936265048
