panel,state,origin,clean_ce_nats,all_delete_delta_ce_nats,all_delete_self_kl_nats,all_delete_flip_fraction,all_delete_ppl_ratio,sink_eta01_coarse_mean_delta_ce_nats,sink_eta01_coarse_mean_self_kl_nats,random_eta01_coarse_mean_delta_ce_nats,random_eta01_coarse_mean_self_kl_nats,orthogonal_eta01_coarse_mean_delta_ce_nats,orthogonal_eta01_coarse_mean_self_kl_nats,non_sink_eta01_coarse_mean_delta_ce_nats,non_sink_eta01_coarse_mean_self_kl_nats
discovery,teacher,AdritaPC,3.049855569829563,1.4271086626633842,1.4264453913345738,0.5248556430446194,4.166634612720122,0.004771103084234785,0.0052885705221276625,0.0030971602206924707,0.0034281645491002215,0.0031008084526521116,0.0034277146493052343,0.006052246996244588,0.005865568289518005
discovery,C1/step500,AdritaPC,6.01503073514603,0.00759390182695352,0.009513150064517277,0.045931758530183726,1.007622808624899,0.0006902081613882061,0.002240085414698802,-0.0003821593423947907,0.0007532055951469135,-0.00038635651062020787,0.000749954649324432,0.0028661819017461454,0.0033874977752566334
discovery,C1/step2000,AdritaPC,4.944371989543043,0.01402062914190072,0.012806971875725808,0.04590551181102362,1.0141193791352852,0.005267287059927739,0.004093736121899506,0.0010854100805571438,0.0014010718465992105,0.001066219199674201,0.0013937702000651213,0.004842039076571325,0.004232687408964974
discovery,C1/step10000,AdritaPC,3.994480248699038,0.05117747457008681,0.04757079953179888,0.0873228346456693,1.0525096704098866,0.005552154792992574,0.004836349613224714,0.002585379966809113,0.0026292828700732527,0.002577529099565249,0.0026217574083709917,0.0063308516574971385,0.005031554164138418
discovery,C2/step500,AdritaPC,5.997756799312401,0.012264523443588082,0.03538282343897763,0.12170603674540682,1.0123400411249022,-0.0003942134186347701,0.0021044773819419607,-0.00030795580445926635,0.0007997413857576004,-0.00030900055759275347,0.0007942629614453812,0.0020463065066470185,0.0027190563020158694
discovery,C2/step2000,AdritaPC,4.9296028182763125,0.03817369691343142,0.044346121136402204,0.1321784776902887,1.0389116729580223,0.004138582318056787,0.003155637126267673,0.0011304855847299085,0.001608534694901054,0.001117618590828447,0.0015910554469717065,0.0044313212350495235,0.0042681072211122805
discovery,C2/step10000,AdritaPC,3.9932546752519182,0.37322635290190886,0.36322017766554837,0.3311286089238845,1.4524130605389522,0.005466469325001426,0.004831826437153867,0.0020748560530827,0.0026724117545676614,0.0021205642947167056,0.002662855150000447,0.0058193444121020415,0.004725724395225191
discovery,C3/step500,AdritaPC,6.011239661970164,0.012056665395500765,0.04204604211089805,0.1294225721784777,1.0121296399674977,-0.0008926402948870779,0.0021086300490220336,-0.00025308507216810955,0.0007945227690044324,-0.0002398791108756034,0.00079189414269277,0.0012349273735037987,0.002399074361233443
discovery,C3/step2000,AdritaPC,4.9415148639428645,0.04408384643514651,0.046881325081812114,0.13380577427821522,1.0450699766070253,0.004477023127198147,0.004818468146997382,0.0009333917746288852,0.001453389377868551,0.0009319955553808157,0.0014403403993803528,0.00423855051489556,0.004220440162305841
discovery,C3/step10000,AdritaPC,3.9932015204241895,0.34625874916086685,0.334697344130262,0.313254593175853,1.413768379877018,0.005595755622977243,0.004465443346749629,0.00251722113041127,0.002444762591140594,0.002487268322721873,0.0024355443205182504,0.005590079758945432,0.004860646393523272
discovery,C5/step500,AdritaPC,5.952672525040434,0.008025531418367038,0.012760353891992956,0.06690288713910761,1.0080578223217231,0.0007753609818316557,0.0020702964463332313,-4.162959435068577e-05,0.000761038916711455,-6.750188578911558e-05,0.0007518616344450549,0.00234265728781106,0.0031226898147704196
discovery,C5/step2000,AdritaPC,4.895346739611288,0.016026136643617406,0.013060424005547954,0.05,1.0161552439464887,0.004565320686613639,0.003942927578953034,0.0010311874963688794,0.0015888271855201803,0.0010297439521798069,0.00157417284654354,0.004580018384771438,0.004016702691621081
discovery,C5/step10000,AdritaPC,3.9782493602322155,0.07004632734563998,0.06377845254509155,0.11078740157480314,1.0725578688623698,0.006752292557129724,0.004905128182023633,0.002852755272899484,0.002856801872606913,0.0028666496527163985,0.0028474789802539094,0.0050089577009879704,0.0045459940226761615
discovery,C6/step500,AdritaPC,6.012302198635312,0.011686408475941157,0.03403010552128156,0.11640419947506561,1.0117549613327674,-4.261530811936846e-05,0.001947901282314462,-0.0002268120539576183,0.0007925413657050687,-0.0002312738814067572,0.0007910280666038661,0.0017457068936401754,0.0028223801296683435
discovery,C6/step2000,AdritaPC,4.962948109984711,0.029482152643478976,0.033785126025145606,0.11115485564304461,1.029921053939623,0.0022455190757021035,0.0028615717820608087,0.0009698614652805896,0.0013905566736439785,0.0009624915736239359,0.0013879798763706196,0.004817015063001288,0.004136319796531115
discovery,C6/step10000,AdritaPC,3.9990723097042773,0.22731223449306537,0.21052010832105095,0.24396325459317586,1.255221730281265,0.005008460885062386,0.0036197410392341117,0.0022409577757670127,0.002371085554936596,0.002249269251852759,0.0023633399230044267,0.006205246859439721,0.004894007451071266
confirmation,teacher,AdritaPC,3.159941874755732,1.5608543078738983,1.570779989648053,0.542020997375328,4.762888480686357,0.006028484091910702,0.005586872502254272,0.002825576556522158,0.0036127938546918095,0.002833656020811315,0.0036113983022185246,0.00579876124086424,0.006153227926498591
confirmation,C1/step500,NodiPC,6.1790466791188,0.00653222161640965,0.009574400557234413,0.047664041994750654,1.00655360310689,0.0009168167648250977,0.0022251257323965506,-0.00012590870561061487,0.000765803389869262,-0.00012974846707258791,0.0007627803288012733,0.0024882423220654224,0.00332639692372407
confirmation,C1/step2000,NodiPC,5.150386614311398,0.01429529084934078,0.013692966693311959,0.05018372703412074,1.014397957151112,0.004700086248202655,0.00408750252735867,0.0008463352266782446,0.0013981062160276874,0.0008282043009811465,0.001391114013074805,0.003460013305317311,0.004265066996096183
confirmation,C1/step10000,NodiPC,4.1674944067001345,0.06228034424969486,0.06104785227866995,0.1026246719160105,1.0642606622671196,0.005891839408707374,0.004978193614696261,0.002879577696792405,0.0027174525839795643,0.002865784541619417,0.002711589093909176,0.00555038809254782,0.005096611103038071
confirmation,C2/step500,NodiPC,6.166881769836105,0.014148167888010654,0.037107460691820915,0.13202099737532808,1.0142487268975562,-0.0010461396745492142,0.0021537713451092624,-0.00012593200096174448,0.000812766524885267,-0.00013904227776576997,0.0008077541833856712,0.0017292033051153528,0.002714328458019364
confirmation,C2/step2000,NodiPC,5.128438107748357,0.038781058143755764,0.04440564187668909,0.13603674540682414,1.0395428592895588,0.004600125026619513,0.003132187765179657,0.001174920099614063,0.0015916996582778706,0.0011226086854308666,0.0015719824675421703,0.004043664773722533,0.0042814224051133986
confirmation,C2/step10000,NodiPC,4.155199371623242,0.40120735428777543,0.3979909797611199,0.35073490813648295,1.4936269463439975,0.00590294392403005,0.005098260025365876,0.0032323722055057993,0.002808773591592973,0.0031799339810065774,0.0027949500517236853,0.0047994497212420955,0.004763183478283926
confirmation,C3/step500,NodiPC,6.1845879850612855,0.015926340758956492,0.04449180938479468,0.14406824146981628,1.016053840894854,-0.0006066670922579102,0.002197240955360912,-6.372823907193255e-05,0.0008122913862571645,-5.928219772736535e-05,0.0008098021610825357,0.0012170386460403175,0.0024227757372771988
confirmation,C3/step2000,NodiPC,5.145112273248787,0.040332680048905445,0.04754522425902328,0.1411811023622047,1.04115708877443,0.004189964354507876,0.005023798769468658,0.0005521870577223827,0.0014498520174739216,0.0005628679263836034,0.0014365063790086907,0.003861401058140738,0.004188735278592993
confirmation,C3/step10000,NodiPC,4.165429835607373,0.3682164195954334,0.3640396275205093,0.33493438320209973,1.445154764942212,0.004656842904245728,0.004614581030199495,0.00288012528774099,0.0025438075714963814,0.002864039154920839,0.0025348983684755134,0.005306318580114026,0.0049950934921359534
confirmation,C5/step500,NodiPC,6.12604576361148,0.005351967799069435,0.013382233513544834,0.06645669291338582,1.005366315162854,0.0007536483123864457,0.0021053275666244437,1.9266457278751165e-05,0.0007670847496465142,-7.666306649648883e-06,0.0007584803240159436,0.0022501399323076043,0.0030709628908253705
confirmation,C5/step2000,NodiPC,5.100035952870927,0.017209879056674815,0.015006990079343896,0.05656167979002625,1.0173588222297871,0.004498948074701303,0.003912181150802099,0.0008807560944911567,0.001577798625257124,0.0008625556498585615,0.0015633053741110643,0.003903387592012031,0.003950270472056936
confirmation,C5/step10000,NodiPC,4.148491827121244,0.0852639653613867,0.08438782454113869,0.12782152230971128,1.0890044882253522,0.006430268191707,0.004951649562709119,0.0028406861322756902,0.002912959720725919,0.0028369212129713737,0.0029017262242421547,0.004242153847728265,0.004518591857014985
confirmation,C6/step500,NodiPC,6.186012075128831,0.010673940663575188,0.034795982076876904,0.1269028871391076,1.010731110395937,-0.00017492229231426867,0.0020214122002300654,-8.518415903295089e-05,0.0008081649586029533,-7.488931570816722e-05,0.0008065641837435746,0.0018280901370705631,0.002835126362471293
confirmation,C6/step2000,NodiPC,5.169223158728732,0.024998368941580473,0.03392370434815255,0.11805774278215223,1.0253134481769326,0.0017118021113144977,0.002773602608980795,0.000918338939169594,0.0013647099902807738,0.0009213704387033653,0.001362783741686666,0.0036438038676639786,0.003996106604210322
confirmation,C6/step10000,NodiPC,4.173779830131631,0.24929264178739174,0.23938731444515582,0.264750656167979,1.2831174719230005,0.0038170501295144987,0.0036963681804793556,0.002949886772576349,0.0024387680756275264,0.0029311599881631047,0.002431071567107139,0.004852067833914712,0.004867736924486927
