panel,state,origin,clean_ce_nats,all_delete_delta_ce_nats,all_delete_self_kl_nats,all_delete_flip_fraction,all_delete_ppl_ratio,sink_eta01_coarse_mean_delta_ce_nats,sink_eta01_coarse_mean_self_kl_nats,random_eta01_coarse_mean_delta_ce_nats,random_eta01_coarse_mean_self_kl_nats,orthogonal_eta01_coarse_mean_delta_ce_nats,orthogonal_eta01_coarse_mean_self_kl_nats,non_sink_eta01_coarse_mean_delta_ce_nats,non_sink_eta01_coarse_mean_self_kl_nats,weights_sha256,E1_available,E1_clean_sink,E1_q_bias_removed_fraction,E1_k_top3_removed_fraction,E2_native_layer_mean_delta_ce_nats,E2_observed_peak_layer,E2_observed_peak_delta_ce_nats
discovery,teacher,AdritaPC,3.049855569829563,1.4271086626633842,1.4264453913345738,0.5248556430446194,4.166634612720122,0.004771103084234785,0.0052885705221276625,0.0030971602206924707,0.0034281645491002215,0.0031008084526521116,0.0034277146493052343,0.006052246996244588,0.005865568289518005,5f47f3e12f91cd33b662ce7e433b6150ad5512b5884a2cee961b50e9c3bbebce,True,0.40359447686082256,0.23909323452625486,0.15584854195388834,0.0065056731752849185,17,0.020129708489781795
discovery,C1/step500,AdritaPC,6.01503073514603,0.00759390182695352,0.009513150064517277,0.045931758530183726,1.007622808624899,0.0006902081613882061,0.002240085414698802,-0.0003821593423947907,0.0007532055951469135,-0.00038635651062020787,0.000749954649324432,0.0028661819017461454,0.0033874977752566334,05a0ae40f736447c2011d3ca754d40a9aeb08e9a2ddb022e33c163de766cb529,True,0.00388166644208108,-0.009739244772812874,0.0035258718690797863,0.00024467721072995996,0,0.00437371001155995
discovery,C1/step2000,AdritaPC,4.944371989543043,0.01402062914190072,0.012806971875725808,0.04590551181102362,1.0141193791352852,0.005267287059927739,0.004093736121899506,0.0010854100805571438,0.0014010718465992105,0.001066219199674201,0.0013937702000651213,0.004842039076571325,0.004232687408964974,d9e4c30bc23497410ca3e57134f9ec337220ae38c8fe441888a5ae04a0123c14,False,,,,0.00024533898811681293,0,0.002146663265278903
discovery,C1/step10000,AdritaPC,3.994480248699038,0.05117747457008681,0.04757079953179888,0.0873228346456693,1.0525096704098866,0.005552154792992574,0.004836349613224714,0.002585379966809113,0.0026292828700732527,0.002577529099565249,0.0026217574083709917,0.0063308516574971385,0.005031554164138418,e9475c366ce813464ad577d83411302e9812cad2cba6e4c0fa6b829a50bc27ad,True,0.017176640598128595,0.021641767406123107,0.15827192290891043,0.000839493400885738,16,0.003957881827366894
discovery,C2/step500,AdritaPC,5.997756799312401,0.012264523443588082,0.03538282343897763,0.12170603674540682,1.0123400411249022,-0.0003942134186347701,0.0021044773819419607,-0.00030795580445926635,0.0007997413857576004,-0.00030900055759275347,0.0007942629614453812,0.0020463065066470185,0.0027190563020158694,a516da635a798b90f3fd0fc6f0d2dfb3d44f89dcfa30663ee7309a5ceb4649bb,True,0.3318426046696096,-4.583475518959471e-05,4.903771817832858e-05,7.617856573904902e-05,0,0.009006961412004522
discovery,C2/step2000,AdritaPC,4.9296028182763125,0.03817369691343142,0.044346121136402204,0.1321784776902887,1.0389116729580223,0.004138582318056787,0.003155637126267673,0.0011304855847299085,0.001608534694901054,0.001117618590828447,0.0015910554469717065,0.0044313212350495235,0.0042681072211122805,a6daa03e23798894ad7b2dc6a18c40c3d1184ada2e9e31f70d909e605aa0e85b,True,0.3161918137865979,0.001398478849266776,0.030657520832616907,0.0005881374443403864,11,0.0015695535855035914
discovery,C2/step10000,AdritaPC,3.9932546752519182,0.37322635290190886,0.36322017766554837,0.3311286089238845,1.4524130605389522,0.005466469325001426,0.004831826437153867,0.0020748560530827,0.0026724117545676614,0.0021205642947167056,0.002662855150000447,0.0058193444121020415,0.004725724395225191,fbe9f8a408c7e70495ecd93fbd06cf88728fa369976e766216edf37f2c07e298,True,0.3319665776094987,0.01083877775202976,0.09713706588556417,0.007096950783608502,13,0.08734306513168066
discovery,C3/step500,AdritaPC,6.011239661970164,0.012056665395500765,0.04204604211089805,0.1294225721784777,1.0121296399674977,-0.0008926402948870779,0.0021086300490220336,-0.00025308507216810955,0.0007945227690044324,-0.0002398791108756034,0.00079189414269277,0.0012349273735037987,0.002399074361233443,412003a01c66959a618890f23ec3c775a115f567a4bcd95324af5097c3d6d5eb,True,0.38135336106105033,-0.00030934927917632637,-6.483256946621995e-05,-6.143902856244517e-05,0,0.009451853734614879
discovery,C3/step2000,AdritaPC,4.9415148639428645,0.04408384643514651,0.046881325081812114,0.13380577427821522,1.0450699766070253,0.004477023127198147,0.004818468146997382,0.0009333917746288852,0.001453389377868551,0.0009319955553808157,0.0014403403993803528,0.00423855051489556,0.004220440162305841,f434bde065a6073b54f44c9f45fbc759690b4a1b0a027e9394047735b82f330a,True,0.3916308648648516,0.000819159610320462,0.017084472209128072,0.0007607258774166015,0,0.00373406417726585
discovery,C3/step10000,AdritaPC,3.9932015204241895,0.34625874916086685,0.334697344130262,0.313254593175853,1.413768379877018,0.005595755622977243,0.004465443346749629,0.00251722113041127,0.002444762591140594,0.002487268322721873,0.0024355443205182504,0.005590079758945432,0.004860646393523272,b1d171453101a2549878e795788873ef1e4f82e2ab8c64bc4f3cc72aa314f03c,True,0.39536665847097363,0.009280251836678056,0.1216634648387379,0.007933676240742463,12,0.11951872507731087
discovery,C5/step500,AdritaPC,5.952672525040434,0.008025531418367038,0.012760353891992956,0.06690288713910761,1.0080578223217231,0.0007753609818316557,0.0020702964463332313,-4.162959435068577e-05,0.000761038916711455,-6.750188578911558e-05,0.0007518616344450549,0.00234265728781106,0.0031226898147704196,d7c1e885286c792cf51d69e1610148caeb067d93d549b9e03a284b4ede492ece,True,0.006205715947562506,-0.0011310469151625776,0.004596292773333079,0.00013242723226306966,0,0.0032638765069750164
discovery,C5/step2000,AdritaPC,4.895346739611288,0.016026136643617406,0.013060424005547954,0.05,1.0161552439464887,0.004565320686613639,0.003942927578953034,0.0010311874963688794,0.0015888271855201803,0.0010297439521798069,0.00157417284654354,0.004580018384771438,0.004016702691621081,ad020067df5f66cc6719641c900988670ad19618ac4dffddc6b0a48d15fcf78a,False,,,,0.0003240915233381214,0,0.0006955028143451614
discovery,C5/step10000,AdritaPC,3.9782493602322155,0.07004632734563998,0.06377845254509155,0.11078740157480314,1.0725578688623698,0.006752292557129724,0.004905128182023633,0.002852755272899484,0.002856801872606913,0.0028666496527163985,0.0028474789802539094,0.0050089577009879704,0.0045459940226761615,e8c85cec2e24174180d5fbf5f49976de7901281f9f3caa82f79dc3ee47f38578,True,0.024235143680914322,0.03359739815494054,0.13070234407862497,0.0012293216536573188,13,0.006509188704603375
discovery,C6/step500,AdritaPC,6.012302198635312,0.011686408475941157,0.03403010552128156,0.11640419947506561,1.0117549613327674,-4.261530811936846e-05,0.001947901282314462,-0.0002268120539576183,0.0007925413657050687,-0.0002312738814067572,0.0007910280666038661,0.0017457068936401754,0.0028223801296683435,6eaa1ac2dca42a0a0a8c8111f1b74545e0f6f478ab54af533f4e2952afac8859,True,0.3338453975916168,-0.00034248727269554376,-0.00018648674283061977,5.327031994099377e-05,0,0.009993368934771318
discovery,C6/step2000,AdritaPC,4.962948109984711,0.029482152643478976,0.033785126025145606,0.11115485564304461,1.029921053939623,0.0022455190757021035,0.0028615717820608087,0.0009698614652805896,0.0013905566736439785,0.0009624915736239359,0.0013879798763706196,0.004817015063001288,0.004136319796531115,c7e59934849e5fca4ea64ed7c0d672c3f0bd5dfd16de7e9d19bb4fbf23ee2d90,True,0.340265797454045,0.0004623314043823586,0.01612074184145118,0.0004211010770219792,0,0.003356473727488485
discovery,C6/step10000,AdritaPC,3.9990723097042773,0.22731223449306537,0.21052010832105095,0.24396325459317586,1.255221730281265,0.005008460885062386,0.0036197410392341117,0.0022409577757670127,0.002371085554936596,0.002249269251852759,0.0023633399230044267,0.006205246859439721,0.004894007451071266,22ee796957ef17cefa64b9a7e5831440e2aef3ea8a4183fe0bfd431319b206e4,True,0.3574962439298239,0.00720638596126001,0.06412136228274891,0.0034765042903021812,15,0.02921838934340215
confirmation,teacher,AdritaPC,3.159941874755732,1.5608543078738983,1.570779989648053,0.542020997375328,4.762888480686357,0.006028484091910702,0.005586872502254272,0.002825576556522158,0.0036127938546918095,0.002833656020811315,0.0036113983022185246,0.00579876124086424,0.006153227926498591,5f47f3e12f91cd33b662ce7e433b6150ad5512b5884a2cee961b50e9c3bbebce,True,0.4045998469945011,0.2407732670000194,0.14807225220994988,0.007340726359332127,17,0.02221492691476401
confirmation,C1/step500,NodiPC,6.1790466791188,0.00653222161640965,0.009574400557234413,0.047664041994750654,1.00655360310689,0.0009168167648250977,0.0022251257323965506,-0.00012590870561061487,0.000765803389869262,-0.00012974846707258791,0.0007627803288012733,0.0024882423220654224,0.00332639692372407,05a0ae40f736447c2011d3ca754d40a9aeb08e9a2ddb022e33c163de766cb529,True,0.003882823607206196,-0.008459352622768987,0.0027105051595204105,0.00019210467918421661,0,0.0038864341996154295
confirmation,C1/step2000,NodiPC,5.150386614311398,0.01429529084934078,0.013692966693311959,0.05018372703412074,1.014397957151112,0.004700086248202655,0.00408750252735867,0.0008463352266782446,0.0013981062160276874,0.0008282043009811465,0.001391114013074805,0.003460013305317311,0.004265066996096183,d9e4c30bc23497410ca3e57134f9ec337220ae38c8fe441888a5ae04a0123c14,False,,,,0.00026302031227517136,0,0.002537117204640893
confirmation,C1/step10000,NodiPC,4.1674944067001345,0.06228034424969486,0.06104785227866995,0.1026246719160105,1.0642606622671196,0.005891839408707374,0.004978193614696261,0.002879577696792405,0.0027174525839795643,0.002865784541619417,0.002711589093909176,0.00555038809254782,0.005096611103038071,e9475c366ce813464ad577d83411302e9812cad2cba6e4c0fa6b829a50bc27ad,True,0.019193918911334318,0.02279145241390036,0.16533793918502135,0.0009403368786352987,14,0.0056714260672015016
confirmation,C2/step500,NodiPC,6.166881769836105,0.014148167888010654,0.037107460691820915,0.13202099737532808,1.0142487268975562,-0.0010461396745492142,0.0021537713451092624,-0.00012593200096174448,0.000812766524885267,-0.00013904227776576997,0.0008077541833856712,0.0017292033051153528,0.002714328458019364,a516da635a798b90f3fd0fc6f0d2dfb3d44f89dcfa30663ee7309a5ceb4649bb,True,0.33300316797674995,-4.14696665978953e-05,-4.87498504336592e-05,4.79560720223852e-05,0,0.007427943572597684
confirmation,C2/step2000,NodiPC,5.128438107748357,0.038781058143755764,0.04440564187668909,0.13603674540682414,1.0395428592895588,0.004600125026619513,0.003132187765179657,0.001174920099614063,0.0015916996582778706,0.0011226086854308666,0.0015719824675421703,0.004043664773722533,0.0042814224051133986,a6daa03e23798894ad7b2dc6a18c40c3d1184ada2e9e31f70d909e605aa0e85b,True,0.3157438468294485,0.001462218532146562,0.030344937055733955,0.0006414002195744469,11,0.00235358601167146
confirmation,C2/step10000,NodiPC,4.155199371623242,0.40120735428777543,0.3979909797611199,0.35073490813648295,1.4936269463439975,0.00590294392403005,0.005098260025365876,0.0032323722055057993,0.002808773591592973,0.0031799339810065774,0.0027949500517236853,0.0047994497212420955,0.004763183478283926,fbe9f8a408c7e70495ecd93fbd06cf88728fa369976e766216edf37f2c07e298,True,0.3348293168894147,0.011059046506669522,0.09682697353571111,0.007653379728162009,13,0.10100063098697198
confirmation,C3/step500,NodiPC,6.1845879850612855,0.015926340758956492,0.04449180938479468,0.14406824146981628,1.016053840894854,-0.0006066670922579102,0.002197240955360912,-6.372823907193255e-05,0.0008122913862571645,-5.928219772736535e-05,0.0008098021610825357,0.0012170386460403175,0.0024227757372771988,412003a01c66959a618890f23ec3c775a115f567a4bcd95324af5097c3d6d5eb,True,0.3832252045959813,-0.00025997253906095974,-0.00019055045211267108,-5.2404274360965765e-05,0,0.008555179806205793
confirmation,C3/step2000,NodiPC,5.145112273248787,0.040332680048905445,0.04754522425902328,0.1411811023622047,1.04115708877443,0.004189964354507876,0.005023798769468658,0.0005521870577223827,0.0014498520174739216,0.0005628679263836034,0.0014365063790086907,0.003861401058140738,0.004188735278592993,f434bde065a6073b54f44c9f45fbc759690b4a1b0a027e9394047735b82f330a,True,0.3903552366088199,0.0009005103567991079,0.016400513712042486,0.00046408413172016605,0,0.0041899565448915155
confirmation,C3/step10000,NodiPC,4.165429835607373,0.3682164195954334,0.3640396275205093,0.33493438320209973,1.445154764942212,0.004656842904245728,0.004614581030199495,0.00288012528774099,0.0025438075714963814,0.002864039154920839,0.0025348983684755134,0.005306318580114026,0.0049950934921359534,b1d171453101a2549878e795788873ef1e4f82e2ab8c64bc4f3cc72aa314f03c,True,0.39759381868359805,0.00927785587895329,0.11837790192883064,0.009006582467262159,12,0.1413189152469787
confirmation,C5/step500,NodiPC,6.12604576361148,0.005351967799069435,0.013382233513544834,0.06645669291338582,1.005366315162854,0.0007536483123864457,0.0021053275666244437,1.9266457278751165e-05,0.0007670847496465142,-7.666306649648883e-06,0.0007584803240159436,0.0022501399323076043,0.0030709628908253705,d7c1e885286c792cf51d69e1610148caeb067d93d549b9e03a284b4ede492ece,True,0.0064981070041832505,-0.0005391923076776713,0.004212743520568231,-1.0140277996173452e-06,0,0.001605080832334238
confirmation,C5/step2000,NodiPC,5.100035952870927,0.017209879056674815,0.015006990079343896,0.05656167979002625,1.0173588222297871,0.004498948074701303,0.003912181150802099,0.0008807560944911567,0.001577798625257124,0.0008625556498585615,0.0015633053741110643,0.003903387592012031,0.003950270472056936,ad020067df5f66cc6719641c900988670ad19618ac4dffddc6b0a48d15fcf78a,False,,,,0.0003288106947537302,9,0.0007345810837628974
confirmation,C5/step10000,NodiPC,4.148491827121244,0.0852639653613867,0.08438782454113869,0.12782152230971128,1.0890044882253522,0.006430268191707,0.004951649562709119,0.0028406861322756902,0.002912959720725919,0.0028369212129713737,0.0029017262242421547,0.004242153847728265,0.004518591857014985,e8c85cec2e24174180d5fbf5f49976de7901281f9f3caa82f79dc3ee47f38578,True,0.025561310978774815,0.035511555550162645,0.14169761317169016,0.0013506053574543486,13,0.010471004426009678
confirmation,C6/step500,NodiPC,6.186012075128831,0.010673940663575188,0.034795982076876904,0.1269028871391076,1.010731110395937,-0.00017492229231426867,0.0020214122002300654,-8.518415903295089e-05,0.0008081649586029533,-7.488931570816722e-05,0.0008065641837435746,0.0018280901370705631,0.002835126362471293,6eaa1ac2dca42a0a0a8c8111f1b74545e0f6f478ab54af533f4e2952afac8859,True,0.33483334097739176,-0.000304957674429596,-0.0002842789317494606,-5.9252803198813396e-05,0,0.008725299284527033
confirmation,C6/step2000,NodiPC,5.169223158728732,0.024998368941580473,0.03392370434815255,0.11805774278215223,1.0253134481769326,0.0017118021113144977,0.002773602608980795,0.000918338939169594,0.0013647099902807738,0.0009213704387033653,0.001362783741686666,0.0036438038676639786,0.003996106604210322,c7e59934849e5fca4ea64ed7c0d672c3f0bd5dfd16de7e9d19bb4fbf23ee2d90,True,0.3415591408741554,0.0004838989952052867,0.015549329357647466,0.0002458098783686413,0,0.00443239116918992
confirmation,C6/step10000,NodiPC,4.173779830131631,0.24929264178739174,0.23938731444515582,0.264750656167979,1.2831174719230005,0.0038170501295144987,0.0036963681804793556,0.002949886772576349,0.0024387680756275264,0.0029311599881631047,0.002431071567107139,0.004852067833914712,0.004867736924486927,22ee796957ef17cefa64b9a7e5831440e2aef3ea8a4183fe0bfd431319b206e4,True,0.36016278937388174,0.007225954181222554,0.06298270055343051,0.0038351633620702006,15,0.035385400441688475
