job_id,state,panel,old_attempt_path,imported_attempt_path,item_count,verified_status,old_protocol_sha256,old_runtime_sha256,source_checkpoint_sha256,E2_dependency,E2_dependency_status,E2_audit_path,historical_ledger_status,action
E3_discovery_teacher,teacher,discovery,C:\KD-SINK-central\analysis\mechanistic_e1_e3_scientific_20261009_storage_c_v2\attempts\E3_discovery_teacher\attempt_001,C:\KD-E3-Nodi-20261010\imported_adrita\campaign\attempts\E3_discovery_teacher\attempt_001,300,independently_complete_valid,5673eaefc30ff238ee338b0cff973032f6f2579e985592f0c837a04c6f24cf33,df8b0b3258a9e9bd236e8a9d7281e95a68d3e5555733e76404fda338db5ada0b,5f47f3e12f91cd33b662ce7e433b6150ad5512b5884a2cee961b50e9c3bbebce,E2_discovery_teacher,independently_complete_valid,C:\KD-E3-Nodi-20261010\reconstruction01\audits\E2_discovery_teacher\attempt_001\INDEPENDENT_AUDIT.json,complete,reuse_after_comparability_gate
E3_discovery_C1-step500,C1/step500,discovery,C:\KD-SINK-central\analysis\mechanistic_e1_e3_scientific_20261009_storage_c_v2\attempts\E3_discovery_C1-step500\attempt_001,C:\KD-E3-Nodi-20261010\imported_adrita\campaign\attempts\E3_discovery_C1-step500\attempt_001,300,independently_complete_valid,5673eaefc30ff238ee338b0cff973032f6f2579e985592f0c837a04c6f24cf33,df8b0b3258a9e9bd236e8a9d7281e95a68d3e5555733e76404fda338db5ada0b,05a0ae40f736447c2011d3ca754d40a9aeb08e9a2ddb022e33c163de766cb529,E2_discovery_C1-step500,independently_complete_valid,C:\KD-E3-Nodi-20261010\reconstruction01\audits\E2_discovery_C1-step500\attempt_001\INDEPENDENT_AUDIT.json,invalidated,reuse_after_comparability_gate
E3_discovery_C1-step2000,C1/step2000,discovery,C:\KD-SINK-central\analysis\mechanistic_e1_e3_scientific_20261009_storage_c_v2\attempts\E3_discovery_C1-step2000\attempt_001,C:\KD-E3-Nodi-20261010\imported_adrita\campaign\attempts\E3_discovery_C1-step2000\attempt_001,300,independently_complete_valid,5673eaefc30ff238ee338b0cff973032f6f2579e985592f0c837a04c6f24cf33,df8b0b3258a9e9bd236e8a9d7281e95a68d3e5555733e76404fda338db5ada0b,d9e4c30bc23497410ca3e57134f9ec337220ae38c8fe441888a5ae04a0123c14,E2_discovery_C1-step2000,independently_complete_valid,C:\KD-E3-Nodi-20261010\reconstruction01\audits\E2_discovery_C1-step2000\attempt_001\INDEPENDENT_AUDIT.json,invalidated,reuse_after_comparability_gate
E3_discovery_C1-step10000,C1/step10000,discovery,C:\KD-SINK-central\analysis\mechanistic_e1_e3_scientific_20261009_storage_c_v2\attempts\E3_discovery_C1-step10000\attempt_001,C:\KD-E3-Nodi-20261010\imported_adrita\campaign\attempts\E3_discovery_C1-step10000\attempt_001,300,independently_complete_valid,5673eaefc30ff238ee338b0cff973032f6f2579e985592f0c837a04c6f24cf33,df8b0b3258a9e9bd236e8a9d7281e95a68d3e5555733e76404fda338db5ada0b,e9475c366ce813464ad577d83411302e9812cad2cba6e4c0fa6b829a50bc27ad,E2_discovery_C1-step10000,independently_complete_valid,C:\KD-E3-Nodi-20261010\reconstruction01\audits\E2_discovery_C1-step10000\attempt_001\INDEPENDENT_AUDIT.json,complete,reuse_after_comparability_gate
E3_discovery_C2-step500,C2/step500,discovery,C:\KD-SINK-central\analysis\mechanistic_e1_e3_scientific_20261009_storage_c_v2\attempts\E3_discovery_C2-step500\attempt_001,C:\KD-E3-Nodi-20261010\imported_adrita\campaign\attempts\E3_discovery_C2-step500\attempt_001,300,independently_complete_valid,5673eaefc30ff238ee338b0cff973032f6f2579e985592f0c837a04c6f24cf33,df8b0b3258a9e9bd236e8a9d7281e95a68d3e5555733e76404fda338db5ada0b,a516da635a798b90f3fd0fc6f0d2dfb3d44f89dcfa30663ee7309a5ceb4649bb,E2_discovery_C2-step500,independently_complete_valid,C:\KD-E3-Nodi-20261010\reconstruction01\audits\E2_discovery_C2-step500\attempt_001\INDEPENDENT_AUDIT.json,complete,reuse_after_comparability_gate
E3_discovery_C2-step2000,C2/step2000,discovery,C:\KD-SINK-central\analysis\mechanistic_e1_e3_scientific_20261009_storage_c_v2\attempts\E3_discovery_C2-step2000\attempt_001,C:\KD-E3-Nodi-20261010\imported_adrita\campaign\attempts\E3_discovery_C2-step2000\attempt_001,300,independently_complete_valid,5673eaefc30ff238ee338b0cff973032f6f2579e985592f0c837a04c6f24cf33,df8b0b3258a9e9bd236e8a9d7281e95a68d3e5555733e76404fda338db5ada0b,a6daa03e23798894ad7b2dc6a18c40c3d1184ada2e9e31f70d909e605aa0e85b,E2_discovery_C2-step2000,independently_complete_valid,C:\KD-E3-Nodi-20261010\reconstruction01\audits\E2_discovery_C2-step2000\attempt_001\INDEPENDENT_AUDIT.json,complete,reuse_after_comparability_gate
E3_discovery_C2-step10000,C2/step10000,discovery,C:\KD-SINK-central\analysis\mechanistic_e1_e3_scientific_20261009_storage_c_v2\attempts\E3_discovery_C2-step10000\attempt_001,C:\KD-E3-Nodi-20261010\imported_adrita\campaign\attempts\E3_discovery_C2-step10000\attempt_001,300,independently_complete_valid,5673eaefc30ff238ee338b0cff973032f6f2579e985592f0c837a04c6f24cf33,df8b0b3258a9e9bd236e8a9d7281e95a68d3e5555733e76404fda338db5ada0b,fbe9f8a408c7e70495ecd93fbd06cf88728fa369976e766216edf37f2c07e298,E2_discovery_C2-step10000,independently_complete_valid,C:\KD-E3-Nodi-20261010\reconstruction01\audits\E2_discovery_C2-step10000\attempt_001\INDEPENDENT_AUDIT.json,complete,reuse_after_comparability_gate
E3_discovery_C3-step500,C3/step500,discovery,C:\KD-SINK-central\analysis\mechanistic_e1_e3_scientific_20261009_storage_c_v2\attempts\E3_discovery_C3-step500\attempt_001,C:\KD-E3-Nodi-20261010\imported_adrita\campaign\attempts\E3_discovery_C3-step500\attempt_001,300,independently_complete_valid,5673eaefc30ff238ee338b0cff973032f6f2579e985592f0c837a04c6f24cf33,df8b0b3258a9e9bd236e8a9d7281e95a68d3e5555733e76404fda338db5ada0b,412003a01c66959a618890f23ec3c775a115f567a4bcd95324af5097c3d6d5eb,E2_discovery_C3-step500,independently_complete_valid,C:\KD-E3-Nodi-20261010\reconstruction01\audits\E2_discovery_C3-step500\attempt_001\INDEPENDENT_AUDIT.json,complete,reuse_after_comparability_gate
E3_discovery_C3-step2000,C3/step2000,discovery,C:\KD-SINK-central\analysis\mechanistic_e1_e3_scientific_20261009_storage_c_v2\attempts\E3_discovery_C3-step2000\attempt_001,C:\KD-E3-Nodi-20261010\imported_adrita\campaign\attempts\E3_discovery_C3-step2000\attempt_001,300,independently_complete_valid,5673eaefc30ff238ee338b0cff973032f6f2579e985592f0c837a04c6f24cf33,df8b0b3258a9e9bd236e8a9d7281e95a68d3e5555733e76404fda338db5ada0b,f434bde065a6073b54f44c9f45fbc759690b4a1b0a027e9394047735b82f330a,E2_discovery_C3-step2000,independently_complete_valid,C:\KD-E3-Nodi-20261010\reconstruction01\audits\E2_discovery_C3-step2000\attempt_001\INDEPENDENT_AUDIT.json,complete,reuse_after_comparability_gate
E3_discovery_C3-step10000,C3/step10000,discovery,C:\KD-SINK-central\analysis\mechanistic_e1_e3_scientific_20261009_storage_c_v2\attempts\E3_discovery_C3-step10000\attempt_001,C:\KD-E3-Nodi-20261010\imported_adrita\campaign\attempts\E3_discovery_C3-step10000\attempt_001,300,independently_complete_valid,5673eaefc30ff238ee338b0cff973032f6f2579e985592f0c837a04c6f24cf33,df8b0b3258a9e9bd236e8a9d7281e95a68d3e5555733e76404fda338db5ada0b,b1d171453101a2549878e795788873ef1e4f82e2ab8c64bc4f3cc72aa314f03c,E2_discovery_C3-step10000,independently_complete_valid,C:\KD-E3-Nodi-20261010\reconstruction01\audits\E2_discovery_C3-step10000\attempt_001\INDEPENDENT_AUDIT.json,complete,reuse_after_comparability_gate
E3_discovery_C5-step500,C5/step500,discovery,C:\KD-SINK-central\analysis\mechanistic_e1_e3_scientific_20261009_storage_c_v2\attempts\E3_discovery_C5-step500\attempt_001,C:\KD-E3-Nodi-20261010\imported_adrita\campaign\attempts\E3_discovery_C5-step500\attempt_001,300,independently_complete_valid,5673eaefc30ff238ee338b0cff973032f6f2579e985592f0c837a04c6f24cf33,df8b0b3258a9e9bd236e8a9d7281e95a68d3e5555733e76404fda338db5ada0b,d7c1e885286c792cf51d69e1610148caeb067d93d549b9e03a284b4ede492ece,E2_discovery_C5-step500,independently_complete_valid,C:\KD-E3-Nodi-20261010\reconstruction01\audits\E2_discovery_C5-step500\attempt_001\INDEPENDENT_AUDIT.json,complete,reuse_after_comparability_gate
E3_discovery_C5-step2000,C5/step2000,discovery,C:\KD-SINK-central\analysis\mechanistic_e1_e3_scientific_20261009_storage_c_v2\attempts\E3_discovery_C5-step2000\attempt_001,C:\KD-E3-Nodi-20261010\imported_adrita\campaign\attempts\E3_discovery_C5-step2000\attempt_001,300,independently_complete_valid,5673eaefc30ff238ee338b0cff973032f6f2579e985592f0c837a04c6f24cf33,df8b0b3258a9e9bd236e8a9d7281e95a68d3e5555733e76404fda338db5ada0b,ad020067df5f66cc6719641c900988670ad19618ac4dffddc6b0a48d15fcf78a,E2_discovery_C5-step2000,independently_complete_valid,C:\KD-E3-Nodi-20261010\reconstruction01\audits\E2_discovery_C5-step2000\attempt_001\INDEPENDENT_AUDIT.json,complete,reuse_after_comparability_gate
E3_discovery_C5-step10000,C5/step10000,discovery,C:\KD-SINK-central\analysis\mechanistic_e1_e3_scientific_20261009_storage_c_v2\attempts\E3_discovery_C5-step10000\attempt_001,C:\KD-E3-Nodi-20261010\imported_adrita\campaign\attempts\E3_discovery_C5-step10000\attempt_001,300,independently_complete_valid,5673eaefc30ff238ee338b0cff973032f6f2579e985592f0c837a04c6f24cf33,df8b0b3258a9e9bd236e8a9d7281e95a68d3e5555733e76404fda338db5ada0b,e8c85cec2e24174180d5fbf5f49976de7901281f9f3caa82f79dc3ee47f38578,E2_discovery_C5-step10000,independently_complete_valid,C:\KD-E3-Nodi-20261010\reconstruction01\audits\E2_discovery_C5-step10000\attempt_001\INDEPENDENT_AUDIT.json,complete,reuse_after_comparability_gate
E3_discovery_C6-step500,C6/step500,discovery,C:\KD-SINK-central\analysis\mechanistic_e1_e3_scientific_20261009_storage_c_v2\attempts\E3_discovery_C6-step500\attempt_001,C:\KD-E3-Nodi-20261010\imported_adrita\campaign\attempts\E3_discovery_C6-step500\attempt_001,300,independently_complete_valid,5673eaefc30ff238ee338b0cff973032f6f2579e985592f0c837a04c6f24cf33,df8b0b3258a9e9bd236e8a9d7281e95a68d3e5555733e76404fda338db5ada0b,6eaa1ac2dca42a0a0a8c8111f1b74545e0f6f478ab54af533f4e2952afac8859,E2_discovery_C6-step500,independently_complete_valid,C:\KD-E3-Nodi-20261010\reconstruction01\audits\E2_discovery_C6-step500\attempt_001\INDEPENDENT_AUDIT.json,complete,reuse_after_comparability_gate
E3_discovery_C6-step2000,C6/step2000,discovery,C:\KD-SINK-central\analysis\mechanistic_e1_e3_scientific_20261009_storage_c_v2\attempts\E3_discovery_C6-step2000\attempt_001,C:\KD-E3-Nodi-20261010\imported_adrita\campaign\attempts\E3_discovery_C6-step2000\attempt_001,300,independently_complete_valid,5673eaefc30ff238ee338b0cff973032f6f2579e985592f0c837a04c6f24cf33,df8b0b3258a9e9bd236e8a9d7281e95a68d3e5555733e76404fda338db5ada0b,c7e59934849e5fca4ea64ed7c0d672c3f0bd5dfd16de7e9d19bb4fbf23ee2d90,E2_discovery_C6-step2000,independently_complete_valid,C:\KD-E3-Nodi-20261010\reconstruction01\audits\E2_discovery_C6-step2000\attempt_001\INDEPENDENT_AUDIT.json,invalidated,reuse_after_comparability_gate
E3_discovery_C6-step10000,C6/step10000,discovery,C:\KD-SINK-central\analysis\mechanistic_e1_e3_scientific_20261009_storage_c_v2\attempts\E3_discovery_C6-step10000\attempt_001,C:\KD-E3-Nodi-20261010\imported_adrita\campaign\attempts\E3_discovery_C6-step10000\attempt_001,300,independently_complete_valid,5673eaefc30ff238ee338b0cff973032f6f2579e985592f0c837a04c6f24cf33,df8b0b3258a9e9bd236e8a9d7281e95a68d3e5555733e76404fda338db5ada0b,22ee796957ef17cefa64b9a7e5831440e2aef3ea8a4183fe0bfd431319b206e4,E2_discovery_C6-step10000,independently_complete_valid,C:\KD-E3-Nodi-20261010\reconstruction01\audits\E2_discovery_C6-step10000\attempt_001\INDEPENDENT_AUDIT.json,complete,reuse_after_comparability_gate
E3_confirmation_teacher,teacher,confirmation,C:\KD-SINK-central\analysis\mechanistic_e1_e3_scientific_20261009_storage_c_v2\attempts\E3_confirmation_teacher\attempt_001,C:\KD-E3-Nodi-20261010\imported_adrita\campaign\attempts\E3_confirmation_teacher\attempt_001,300,independently_complete_valid,5673eaefc30ff238ee338b0cff973032f6f2579e985592f0c837a04c6f24cf33,df8b0b3258a9e9bd236e8a9d7281e95a68d3e5555733e76404fda338db5ada0b,5f47f3e12f91cd33b662ce7e433b6150ad5512b5884a2cee961b50e9c3bbebce,E2_confirmation_teacher,independently_complete_valid,C:\KD-E3-Nodi-20261010\reconstruction01\audits\E2_confirmation_teacher\attempt_001\INDEPENDENT_AUDIT.json,complete,reuse_after_comparability_gate
E3_confirmation_C1-step500,C1/step500,confirmation,C:\KD-SINK-central\analysis\mechanistic_e1_e3_scientific_20261009_storage_c_v2\attempts\E3_confirmation_C1-step500\attempt_001,C:\KD-E3-Nodi-20261010\imported_adrita\campaign\attempts\E3_confirmation_C1-step500\attempt_001,0,interrupted,5673eaefc30ff238ee338b0cff973032f6f2579e985592f0c837a04c6f24cf33,df8b0b3258a9e9bd236e8a9d7281e95a68d3e5555733e76404fda338db5ada0b,05a0ae40f736447c2011d3ca754d40a9aeb08e9a2ddb022e33c163de766cb529,E2_confirmation_C1-step500,independently_complete_valid,C:\KD-E3-Nodi-20261010\reconstruction01\audits\E2_confirmation_C1-step500\attempt_001\INDEPENDENT_AUDIT.json,failed,fresh_entire_state_panel_attempt
E3_confirmation_C1-step2000,C1/step2000,confirmation,,,0,absent,5673eaefc30ff238ee338b0cff973032f6f2579e985592f0c837a04c6f24cf33,df8b0b3258a9e9bd236e8a9d7281e95a68d3e5555733e76404fda338db5ada0b,d9e4c30bc23497410ca3e57134f9ec337220ae38c8fe441888a5ae04a0123c14,E2_confirmation_C1-step2000,independently_complete_valid,C:\KD-E3-Nodi-20261010\reconstruction01\audits\E2_confirmation_C1-step2000\attempt_001\INDEPENDENT_AUDIT.json,failed,fresh_entire_state_panel_attempt
E3_confirmation_C1-step10000,C1/step10000,confirmation,,,0,absent,5673eaefc30ff238ee338b0cff973032f6f2579e985592f0c837a04c6f24cf33,df8b0b3258a9e9bd236e8a9d7281e95a68d3e5555733e76404fda338db5ada0b,e9475c366ce813464ad577d83411302e9812cad2cba6e4c0fa6b829a50bc27ad,E2_confirmation_C1-step10000,independently_complete_valid,C:\KD-E3-Nodi-20261010\reconstruction01\audits\E2_confirmation_C1-step10000\attempt_001\INDEPENDENT_AUDIT.json,failed,fresh_entire_state_panel_attempt
E3_confirmation_C2-step500,C2/step500,confirmation,,,0,absent,5673eaefc30ff238ee338b0cff973032f6f2579e985592f0c837a04c6f24cf33,df8b0b3258a9e9bd236e8a9d7281e95a68d3e5555733e76404fda338db5ada0b,a516da635a798b90f3fd0fc6f0d2dfb3d44f89dcfa30663ee7309a5ceb4649bb,E2_confirmation_C2-step500,independently_complete_valid,C:\KD-E3-Nodi-20261010\reconstruction01\audits\E2_confirmation_C2-step500\attempt_002\INDEPENDENT_AUDIT.json,failed,fresh_entire_state_panel_attempt
E3_confirmation_C2-step2000,C2/step2000,confirmation,,,0,absent,5673eaefc30ff238ee338b0cff973032f6f2579e985592f0c837a04c6f24cf33,df8b0b3258a9e9bd236e8a9d7281e95a68d3e5555733e76404fda338db5ada0b,a6daa03e23798894ad7b2dc6a18c40c3d1184ada2e9e31f70d909e605aa0e85b,E2_confirmation_C2-step2000,independently_complete_valid,C:\KD-E3-Nodi-20261010\reconstruction01\audits\E2_confirmation_C2-step2000\attempt_001\INDEPENDENT_AUDIT.json,failed,fresh_entire_state_panel_attempt
E3_confirmation_C2-step10000,C2/step10000,confirmation,,,0,absent,5673eaefc30ff238ee338b0cff973032f6f2579e985592f0c837a04c6f24cf33,df8b0b3258a9e9bd236e8a9d7281e95a68d3e5555733e76404fda338db5ada0b,fbe9f8a408c7e70495ecd93fbd06cf88728fa369976e766216edf37f2c07e298,E2_confirmation_C2-step10000,independently_complete_valid,C:\KD-E3-Nodi-20261010\reconstruction01\audits\E2_confirmation_C2-step10000\attempt_001\INDEPENDENT_AUDIT.json,failed,fresh_entire_state_panel_attempt
E3_confirmation_C3-step500,C3/step500,confirmation,,,0,absent,5673eaefc30ff238ee338b0cff973032f6f2579e985592f0c837a04c6f24cf33,df8b0b3258a9e9bd236e8a9d7281e95a68d3e5555733e76404fda338db5ada0b,412003a01c66959a618890f23ec3c775a115f567a4bcd95324af5097c3d6d5eb,E2_confirmation_C3-step500,independently_complete_valid,C:\KD-E3-Nodi-20261010\reconstruction01\audits\E2_confirmation_C3-step500\attempt_001\INDEPENDENT_AUDIT.json,failed,fresh_entire_state_panel_attempt
E3_confirmation_C3-step2000,C3/step2000,confirmation,,,0,absent,5673eaefc30ff238ee338b0cff973032f6f2579e985592f0c837a04c6f24cf33,df8b0b3258a9e9bd236e8a9d7281e95a68d3e5555733e76404fda338db5ada0b,f434bde065a6073b54f44c9f45fbc759690b4a1b0a027e9394047735b82f330a,E2_confirmation_C3-step2000,independently_complete_valid,C:\KD-E3-Nodi-20261010\reconstruction01\audits\E2_confirmation_C3-step2000\attempt_001\INDEPENDENT_AUDIT.json,failed,fresh_entire_state_panel_attempt
E3_confirmation_C3-step10000,C3/step10000,confirmation,,,0,absent,5673eaefc30ff238ee338b0cff973032f6f2579e985592f0c837a04c6f24cf33,df8b0b3258a9e9bd236e8a9d7281e95a68d3e5555733e76404fda338db5ada0b,b1d171453101a2549878e795788873ef1e4f82e2ab8c64bc4f3cc72aa314f03c,E2_confirmation_C3-step10000,independently_complete_valid,C:\KD-E3-Nodi-20261010\reconstruction01\audits\E2_confirmation_C3-step10000\attempt_001\INDEPENDENT_AUDIT.json,failed,fresh_entire_state_panel_attempt
E3_confirmation_C5-step500,C5/step500,confirmation,,,0,absent,5673eaefc30ff238ee338b0cff973032f6f2579e985592f0c837a04c6f24cf33,df8b0b3258a9e9bd236e8a9d7281e95a68d3e5555733e76404fda338db5ada0b,d7c1e885286c792cf51d69e1610148caeb067d93d549b9e03a284b4ede492ece,E2_confirmation_C5-step500,independently_complete_valid,C:\KD-E3-Nodi-20261010\reconstruction01\audits\E2_confirmation_C5-step500\attempt_001\INDEPENDENT_AUDIT.json,failed,fresh_entire_state_panel_attempt
E3_confirmation_C5-step2000,C5/step2000,confirmation,,,0,absent,5673eaefc30ff238ee338b0cff973032f6f2579e985592f0c837a04c6f24cf33,df8b0b3258a9e9bd236e8a9d7281e95a68d3e5555733e76404fda338db5ada0b,ad020067df5f66cc6719641c900988670ad19618ac4dffddc6b0a48d15fcf78a,E2_confirmation_C5-step2000,independently_complete_valid,C:\KD-E3-Nodi-20261010\reconstruction01\audits\E2_confirmation_C5-step2000\attempt_001\INDEPENDENT_AUDIT.json,failed,fresh_entire_state_panel_attempt
E3_confirmation_C5-step10000,C5/step10000,confirmation,,,0,absent,5673eaefc30ff238ee338b0cff973032f6f2579e985592f0c837a04c6f24cf33,df8b0b3258a9e9bd236e8a9d7281e95a68d3e5555733e76404fda338db5ada0b,e8c85cec2e24174180d5fbf5f49976de7901281f9f3caa82f79dc3ee47f38578,E2_confirmation_C5-step10000,independently_complete_valid,C:\KD-E3-Nodi-20261010\reconstruction01\audits\E2_confirmation_C5-step10000\attempt_001\INDEPENDENT_AUDIT.json,failed,fresh_entire_state_panel_attempt
E3_confirmation_C6-step500,C6/step500,confirmation,,,0,absent,5673eaefc30ff238ee338b0cff973032f6f2579e985592f0c837a04c6f24cf33,df8b0b3258a9e9bd236e8a9d7281e95a68d3e5555733e76404fda338db5ada0b,6eaa1ac2dca42a0a0a8c8111f1b74545e0f6f478ab54af533f4e2952afac8859,E2_confirmation_C6-step500,independently_complete_valid,C:\KD-E3-Nodi-20261010\reconstruction01\audits\E2_confirmation_C6-step500\attempt_001\INDEPENDENT_AUDIT.json,failed,fresh_entire_state_panel_attempt
E3_confirmation_C6-step2000,C6/step2000,confirmation,,,0,absent,5673eaefc30ff238ee338b0cff973032f6f2579e985592f0c837a04c6f24cf33,df8b0b3258a9e9bd236e8a9d7281e95a68d3e5555733e76404fda338db5ada0b,c7e59934849e5fca4ea64ed7c0d672c3f0bd5dfd16de7e9d19bb4fbf23ee2d90,E2_confirmation_C6-step2000,independently_complete_valid,C:\KD-E3-Nodi-20261010\reconstruction01\audits\E2_confirmation_C6-step2000\attempt_001\INDEPENDENT_AUDIT.json,failed,fresh_entire_state_panel_attempt
E3_confirmation_C6-step10000,C6/step10000,confirmation,,,0,absent,5673eaefc30ff238ee338b0cff973032f6f2579e985592f0c837a04c6f24cf33,df8b0b3258a9e9bd236e8a9d7281e95a68d3e5555733e76404fda338db5ada0b,22ee796957ef17cefa64b9a7e5831440e2aef3ea8a4183fe0bfd431319b206e4,E2_confirmation_C6-step10000,independently_complete_valid,C:\KD-E3-Nodi-20261010\reconstruction01\audits\E2_confirmation_C6-step10000\attempt_001\INDEPENDENT_AUDIT.json,failed,fresh_entire_state_panel_attempt
